epoch,batch,avg_loss_group:0,exp_avg_loss_group:0,avg_acc_group:0,processed_data_count_group:0,update_data_count_group:0,update_batch_count_group:0,avg_loss_group:1,exp_avg_loss_group:1,avg_acc_group:1,processed_data_count_group:1,update_data_count_group:1,update_batch_count_group:1,avg_loss_group:2,exp_avg_loss_group:2,avg_acc_group:2,processed_data_count_group:2,update_data_count_group:2,update_batch_count_group:2,avg_loss_group:3,exp_avg_loss_group:3,avg_acc_group:3,processed_data_count_group:3,update_data_count_group:3,update_batch_count_group:3,avg_actual_loss,avg_per_sample_loss,avg_acc,model_norm_sq,reg_loss
0,37,0.1571435034275055,0.09011191129684448,0.995425820350647,3498.0,3498.0,38.0,0.5586720705032349,0.806657075881958,0.7228260040283203,184.0,184.0,38.0,1.4137777090072632,1.4349782466888428,0.0535714328289032,56.0,56.0,29.0,0.7436826825141907,0.47197502851486206,0.5562913417816162,1057.0,1057.0,38.0,0.3142431378364563,0.316523015499115,0.8771635890007019,8431.62890625,0.4215814453125
1,37,0.043956831097602844,0.03740978240966797,0.9965694546699524,3498.0,3498.0,38.0,0.7779095768928528,0.7062647342681885,0.5489131212234497,184.0,184.0,37.0,1.4890238046646118,1.4611645936965942,0.3214285969734192,56.0,56.0,28.0,0.21321865916252136,0.20900197327136993,0.9205297231674194,1057.0,1057.0,38.0,0.1263446807861328,0.12630945444107056,0.9547444581985474,8431.1328125,0.42155664062500003
2,37,0.026563001796603203,0.0278598852455616,0.9974271059036255,3498.0,3498.0,38.0,0.4907384514808655,0.4468967020511627,0.77173912525177,184.0,184.0,37.0,0.9905242919921875,1.0774292945861816,0.553571343421936,56.0,56.0,29.0,0.15041856467723846,0.14017802476882935,0.9451276063919067,1057.0,1057.0,38.0,0.08266294747591019,0.08293535560369492,0.9720541834831238,8430.587890625,0.42152939453125005
3,37,0.018651118502020836,0.016895558685064316,0.9982847571372986,3498.0,3498.0,38.0,0.321254163980484,0.3037669062614441,0.8804348111152649,184.0,184.0,36.0,0.8534812927246094,0.9718915224075317,0.6071429252624512,56.0,56.0,32.0,0.11117984354496002,0.08314716070890427,0.9612109661102295,1057.0,1057.0,38.0,0.06010802835226059,0.060409680008888245,0.9810219407081604,8430.029296875,0.42150146484375
4,37,0.014053378254175186,0.013548984192311764,0.9997141361236572,3498.0,3498.0,38.0,0.24688367545604706,0.2435148060321808,0.9076088070869446,184.0,184.0,37.0,0.5423863530158997,0.7467142939567566,0.7678571343421936,56.0,56.0,31.0,0.07369004189968109,0.06768156588077545,0.9791862964630127,1057.0,1057.0,38.0,0.04311063513159752,0.04230434074997902,0.988946795463562,8429.4658203125,0.42147329101562503
5,37,0.012306907214224339,0.013338898308575153,0.9994281530380249,3498.0,3498.0,38.0,0.17570281028747559,0.2362845242023468,0.9510868191719055,184.0,184.0,38.0,0.37673574686050415,0.5157282948493958,0.8750000596046448,56.0,56.0,28.0,0.0571233294904232,0.04138878732919693,0.984862744808197,1057.0,1057.0,38.0,0.032617490738630295,0.032712288200855255,0.9929091930389404,8428.8955078125,0.421444775390625
6,37,0.008050789125263691,0.00997017789632082,1.0,3498.0,3498.0,38.0,0.11731696128845215,0.16375809907913208,0.9673913717269897,184.0,184.0,38.0,0.30264756083488464,0.24450871348381042,0.8749998807907104,56.0,56.0,30.0,0.04581685736775398,0.03175477683544159,0.9924314022064209,1057.0,1057.0,38.0,0.02459922432899475,0.02400931343436241,0.9956204295158386,8428.3203125,0.42141601562500003
7,37,0.006097279954701662,0.005500716622918844,1.0,3498.0,3498.0,38.0,0.0762249156832695,0.10249027609825134,0.9945651888847351,184.0,184.0,38.0,0.19181203842163086,0.2996789813041687,0.9285714030265808,56.0,56.0,29.0,0.03368693217635155,0.026542924344539642,0.9971618056297302,1057.0,1057.0,38.0,0.017570704221725464,0.017039047554135323,0.998331606388092,8427.734375,0.42138671875
8,37,0.004872898571193218,0.004340316168963909,1.0,3498.0,3498.0,38.0,0.04623477905988693,0.04383353888988495,1.0,184.0,184.0,37.0,0.1710021048784256,0.17408275604248047,0.9285714030265808,56.0,56.0,28.0,0.024707788601517677,0.029033593833446503,0.9990538954734802,1057.0,1057.0,38.0,0.012697257101535797,0.012772648595273495,0.9989572763442993,8427.140625,0.42135703125
9,37,0.00488283671438694,0.003863867139443755,1.0,3498.0,3498.0,38.0,0.04827223718166351,0.034973010420799255,0.9945652484893799,184.0,184.0,38.0,0.12094617635011673,0.14707867801189423,0.9642858505249023,56.0,56.0,33.0,0.018183939158916473,0.020244933664798737,0.999053955078125,1057.0,1057.0,38.0,0.010773631744086742,0.010835383087396622,0.9991658329963684,8426.5419921875,0.42132709960937503
10,37,0.004067291039973497,0.003355272114276886,1.0,3498.0,3498.0,38.0,0.03948363661766052,0.03184029459953308,1.0,184.0,184.0,38.0,0.09261194616556168,0.10820531845092773,0.9821429252624512,56.0,56.0,28.0,0.015534725040197372,0.013732722960412502,0.9990540146827698,1057.0,1057.0,38.0,0.009072015061974525,0.008988289162516594,0.9995828866958618,8425.94140625,0.4212970703125
11,37,0.004203297197818756,0.00418461486697197,1.0,3498.0,3498.0,38.0,0.0342673659324646,0.035175204277038574,1.0,184.0,184.0,38.0,0.0876912921667099,0.046658337116241455,0.9821428656578064,56.0,56.0,33.0,0.015154639258980751,0.012322894297540188,0.9981078505516052,1057.0,1057.0,38.0,0.008735135197639465,0.008746088482439518,0.9993743300437927,8425.3349609375,0.42126674804687503
12,37,0.003078234614804387,0.004063159227371216,1.0,3498.0,3498.0,38.0,0.027008455246686935,0.033141400665044785,0.9945653080940247,184.0,184.0,36.0,0.08652432262897491,0.04837741330265999,0.9642856121063232,56.0,56.0,29.0,0.012676883488893509,0.006730860564857721,1.0,1057.0,1057.0,38.0,0.007176229730248451,0.007086975499987602,0.999374270439148,8424.728515625,0.42123642578125003
13,37,0.0023028268478810787,0.0019353624666109681,1.0,3498.0,3498.0,38.0,0.014079916290938854,0.012994296848773956,1.0,184.0,184.0,38.0,0.07313689589500427,0.0601448230445385,0.964285671710968,56.0,56.0,30.0,0.009192530997097492,0.008123817853629589,1.0,1057.0,1057.0,38.0,0.005053029395639896,0.005100764334201813,0.9995828866958618,8424.115234375,0.42120576171875
14,37,0.0021244874224066734,0.0018770088208839297,1.0,3498.0,3498.0,38.0,0.014838199131190777,0.011245409958064556,1.0,184.0,184.0,37.0,0.05541950464248657,0.03865347057580948,0.9821428656578064,56.0,56.0,30.0,0.007790815085172653,0.006585312075912952,1.0,1057.0,1057.0,38.0,0.004449925851076841,0.004483851604163647,0.9997913837432861,8423.498046875,0.42117490234375005
15,37,0.002070425543934107,0.002075385535135865,1.0,3498.0,3498.0,38.0,0.013804138638079166,0.01184077002108097,1.0,184.0,184.0,38.0,0.06676612794399261,0.056315891444683075,1.0,56.0,56.0,28.0,0.010052438825368881,0.007816360332071781,0.9990538358688354,1057.0,1057.0,38.0,0.00505594490095973,0.005035795737057924,0.9997913837432861,8422.8828125,0.421144140625
16,37,0.0021208426915109158,0.002094401279464364,1.0,3498.0,3498.0,38.0,0.014873504638671875,0.012757545337080956,1.0,184.0,184.0,37.0,0.03918252885341644,0.040768593549728394,0.9821428060531616,56.0,56.0,28.0,0.004438405856490135,0.003647960489615798,1.0,1057.0,1057.0,38.0,0.0035222067963331938,0.0035539204254746437,0.9997913837432861,8422.2646484375,0.42111323242187504
17,37,0.0017913819756358862,0.001896492438390851,1.0,3498.0,3498.0,38.0,0.01135395746678114,0.008867725729942322,1.0,184.0,184.0,38.0,0.03420167416334152,0.04473993554711342,1.0,56.0,56.0,32.0,0.00529065914452076,0.004795934073626995,1.0,1057.0,1057.0,38.0,0.003330154810100794,0.0033082175068557262,1.0,8421.64453125,0.4210822265625
18,37,0.001352410763502121,0.0019149620784446597,1.0,3498.0,3498.0,38.0,0.008344024419784546,0.012569652870297432,1.0,184.0,184.0,38.0,0.027268914505839348,0.03158504143357277,1.0,56.0,56.0,25.0,0.00470293965190649,0.002856417326256633,1.0,1057.0,1057.0,38.0,0.0027947186026722193,0.0026619601994752884,1.0,8421.021484375,0.42105107421875004
19,37,0.0011465605348348618,0.0010623268317431211,1.0,3498.0,3498.0,38.0,0.006846091244369745,0.005523320287466049,1.0,184.0,184.0,38.0,0.032891713082790375,0.025817792862653732,1.0,56.0,56.0,30.0,0.004481911659240723,0.004625680856406689,1.0,1057.0,1057.0,38.0,0.0025084849912673235,0.0024712546728551388,1.0,8420.3974609375,0.421019873046875
20,37,0.0015494353137910366,0.0011047098087146878,1.0,3498.0,3498.0,38.0,0.012489785440266132,0.007194294594228268,1.0,184.0,184.0,38.0,0.029610594734549522,0.028156664222478867,1.0,56.0,56.0,30.0,0.0053810556419193745,0.005347660277038813,1.0,1057.0,1057.0,38.0,0.0031443596817553043,0.003141608787700534,1.0,8419.7734375,0.420988671875
21,37,0.001363683259114623,0.0017676445422694087,1.0,3498.0,3498.0,38.0,0.007101286668330431,0.008716610260307789,1.0,184.0,184.0,38.0,0.023105096071958542,0.021095020696520805,1.0,56.0,56.0,27.0,0.004559163469821215,0.003030055435374379,1.0,1057.0,1057.0,38.0,0.0025196510832756758,0.0025421734899282455,1.0,8419.150390625,0.42095751953125005
22,37,0.0010266111930832267,0.0009106937795877457,1.0,3498.0,3498.0,38.0,0.0065345000475645065,0.01147071085870266,1.0,184.0,184.0,38.0,0.017414364963769913,0.016952600330114365,1.0,56.0,56.0,30.0,0.0033445192966610193,0.0029913007747381926,1.0,1057.0,1057.0,38.0,0.0019433196866884828,0.0019403118640184402,1.0,8418.525390625,0.42092626953125
23,37,0.0013077688636258245,0.0009095025598071516,1.0,3498.0,3498.0,38.0,0.008014028891921043,0.009108196012675762,1.0,184.0,184.0,38.0,0.027003690600395203,0.03619987145066261,1.0,56.0,56.0,29.0,0.005678420886397362,0.004699820652604103,1.0,1057.0,1057.0,38.0,0.0028316958341747522,0.002828666241839528,1.0,8417.8974609375,0.420894873046875
24,37,0.0012466913321986794,0.002098493278026581,1.0,3498.0,3498.0,38.0,0.00678489962592721,0.006444528698921204,1.0,184.0,184.0,37.0,0.018908511847257614,0.03330492228269577,1.0,56.0,56.0,28.0,0.0029350200202316046,0.0028399364091455936,1.0,1057.0,1057.0,38.0,0.0021509698126465082,0.002037651836872101,1.0,8417.2734375,0.420863671875
25,37,0.0009282574756070971,0.0007374540437012911,1.0,3498.0,3498.0,38.0,0.006193430162966251,0.0043332818895578384,1.0,184.0,184.0,38.0,0.01574721932411194,0.0221441388130188,1.0,56.0,56.0,33.0,0.0032392414286732674,0.003414828795939684,1.0,1057.0,1057.0,38.0,0.0018153483979403973,0.0018127963412553072,1.0,8416.6455078125,0.420832275390625
26,37,0.0007905703387223184,0.0009354419889859855,1.0,3498.0,3498.0,38.0,0.004339438863098621,0.006379557773470879,1.0,184.0,184.0,38.0,0.01453130692243576,0.018907181918621063,1.0,56.0,56.0,29.0,0.002496468834578991,0.0016274512745440006,1.0,1057.0,1057.0,38.0,0.001465542591176927,0.0014632726088166237,1.0,8416.0146484375,0.42080073242187505
27,37,0.0007335435366258025,0.000880603154655546,1.0,3498.0,3498.0,38.0,0.004096403252333403,0.0039374008774757385,1.0,184.0,184.0,37.0,0.012844376266002655,0.008248359896242619,1.0,56.0,56.0,30.0,0.002600430278107524,0.0018143882043659687,1.0,1057.0,1057.0,38.0,0.0014265456702560186,0.0014155606040731072,1.0,8415.3876953125,0.42076938476562503
28,37,0.0007494112360291183,0.0008461383986286819,1.0,3498.0,3498.0,38.0,0.004996629897505045,0.006410384550690651,1.0,184.0,184.0,38.0,0.015373713336884975,0.0159760732203722,1.0,56.0,56.0,28.0,0.0020263365004211664,0.0016580673400312662,1.0,1057.0,1057.0,38.0,0.0013698885450139642,0.0013646685983985662,1.0,8414.759765625,0.42073798828125003
29,37,0.0006426796899177134,0.0005267246160656214,1.0,3498.0,3498.0,38.0,0.003339977702125907,0.0026721260510385036,1.0,184.0,184.0,38.0,0.013274218887090683,0.012133754789829254,1.0,56.0,56.0,29.0,0.0018456876277923584,0.0014129180926829576,1.0,1057.0,1057.0,38.0,0.001152907032519579,0.0011588941561058164,1.0,8414.12890625,0.4207064453125
30,37,0.0008091681520454586,0.0007973977481015027,1.0,3498.0,3498.0,38.0,0.007756815757602453,0.006238187197595835,1.0,184.0,184.0,38.0,0.013756908476352692,0.013205444440245628,1.0,56.0,56.0,29.0,0.0023125603329390287,0.0024310576263815165,1.0,1057.0,1057.0,38.0,0.0015691748121753335,0.0015583914937451482,1.0,8413.4990234375,0.42067495117187503
31,37,0.0006119765457697213,0.0006579683977179229,1.0,3498.0,3498.0,38.0,0.002929163398221135,0.0034285285510122776,1.0,184.0,184.0,38.0,0.010698189958930016,0.020332269370555878,1.0,56.0,56.0,30.0,0.0025412156246602535,0.0017264789203181863,1.0,1057.0,1057.0,38.0,0.0012608859688043594,0.001243967330083251,1.0,8412.8671875,0.420643359375
32,37,0.0005567536572925746,0.0007008315296843648,1.0,3498.0,3498.0,38.0,0.0023948855232447386,0.0027419254183769226,1.0,184.0,184.0,36.0,0.011088424362242222,0.016339091584086418,1.0,56.0,56.0,26.0,0.0016706897877156734,0.001958010718226433,1.0,1057.0,1057.0,38.0,0.0010180373210459948,0.0009958402952179313,1.0,8412.2373046875,0.420611865234375
33,37,0.0006289783050306141,0.000581452390179038,1.0,3498.0,3498.0,38.0,0.0034585746470838785,0.0029898779466748238,1.0,184.0,184.0,38.0,0.013617739081382751,0.008933468721807003,1.0,56.0,56.0,31.0,0.0015935386763885617,0.0011154371313750744,1.0,1057.0,1057.0,38.0,0.001105026574805379,0.001101878471672535,1.0,8411.6064453125,0.42058032226562503
34,37,0.0006863732123747468,0.0006559131434187293,1.0,3498.0,3498.0,38.0,0.003871407127007842,0.0031818875577300787,1.0,184.0,184.0,36.0,0.01123323105275631,0.014162828214466572,1.0,56.0,56.0,31.0,0.0018339651869609952,0.0017186333425343037,1.0,1057.0,1057.0,38.0,0.0011891939211636782,0.0011847412679344416,1.0,8410.9775390625,0.42054887695312504
35,37,0.0004891721764579415,0.00044326638453640044,1.0,3498.0,3498.0,38.0,0.0023074247874319553,0.0023605015594512224,1.0,184.0,184.0,38.0,0.009832688607275486,0.006228082813322544,1.0,56.0,56.0,31.0,0.001924488926306367,0.001742321066558361,1.0,1057.0,1057.0,38.0,0.0009844264714047313,0.0009844641899690032,1.0,8410.3447265625,0.42051723632812504
36,37,0.0004599496896844357,0.0004565191047731787,1.0,3498.0,3498.0,38.0,0.002285140799358487,0.0023148993495851755,1.0,184.0,184.0,37.0,0.010652594268321991,0.011296441778540611,1.0,56.0,56.0,31.0,0.0014778150944039226,0.0011910514440387487,1.0,1057.0,1057.0,38.0,0.0008695510914549232,0.0008734026923775673,1.0,8409.712890625,0.42048564453125004
37,37,0.0005230566021054983,0.0005085489829070866,1.0,3498.0,3498.0,38.0,0.002885272027924657,0.0030554872937500477,1.0,184.0,184.0,38.0,0.009075281210243702,0.011074523441493511,1.0,56.0,56.0,31.0,0.0016754029784351587,0.0010032079881057143,1.0,1057.0,1057.0,38.0,0.0009719064692035317,0.0009676034678705037,1.0,8409.0830078125,0.420454150390625
38,37,0.0004237136454321444,0.00040535468724556267,1.0,3498.0,3498.0,38.0,0.0025041301269084215,0.0019988943822681904,1.0,184.0,184.0,37.0,0.008921779692173004,0.011233437806367874,1.0,56.0,56.0,27.0,0.0013664523139595985,0.0015293171163648367,1.0,1057.0,1057.0,38.0,0.0008072058553807437,0.0008106089662760496,1.0,8408.44921875,0.4204224609375
39,37,0.0004554922925308347,0.0005179030122235417,1.0,3498.0,3498.0,38.0,0.002150753978639841,0.004366335459053516,1.0,184.0,184.0,38.0,0.008378250524401665,0.008999024517834187,1.0,56.0,56.0,29.0,0.0012909454526379704,0.0008876388892531395,1.0,1057.0,1057.0,38.0,0.0008145846659317613,0.0007972392486408353,1.0,8407.8154296875,0.42039077148437504
40,37,0.0005110400379635394,0.0005248320521786809,1.0,3498.0,3498.0,38.0,0.002582155866548419,0.0020095291547477245,1.0,184.0,184.0,38.0,0.008184400387108326,0.005399853922426701,1.0,56.0,56.0,28.0,0.0012598627945408225,0.0009481026791036129,1.0,1057.0,1057.0,38.0,0.0008389222202822566,0.0008452004403807223,1.0,8407.185546875,0.42035927734375
41,37,0.000399476703023538,0.00043748843017965555,1.0,3498.0,3498.0,38.0,0.0023518414236605167,0.0025036330334842205,1.0,184.0,184.0,37.0,0.008581327274441719,0.008351768366992474,1.0,56.0,56.0,30.0,0.0011433778563514352,0.00107966223731637,1.0,1057.0,1057.0,38.0,0.0007365711499005556,0.0007339338771998882,1.0,8406.5517578125,0.420327587890625
42,37,0.0003823484294116497,0.00040610050200484693,1.0,3498.0,3498.0,38.0,0.0017927481094375253,0.0018343414412811399,1.0,184.0,184.0,38.0,0.008359313942492008,0.00660259835422039,1.0,56.0,56.0,30.0,0.001061611925251782,0.0008340197964571416,1.0,1057.0,1057.0,38.0,0.0006826020544394851,0.00067936722189188,1.0,8405.9189453125,0.420295947265625
43,37,0.00038473677705042064,0.0004109041765332222,1.0,3498.0,3498.0,38.0,0.0020265597850084305,0.00293627567589283,1.0,184.0,184.0,37.0,0.0065809884108603,0.009279587306082249,1.0,56.0,56.0,32.0,0.0010853296844288707,0.0007797311991453171,1.0,1057.0,1057.0,38.0,0.000679252203553915,0.0006745411665178835,1.0,8405.2841796875,0.420264208984375
44,37,0.0004008864052593708,0.0004940005601383746,1.0,3498.0,3498.0,38.0,0.0016662183916196227,0.003410929813981056,1.0,184.0,184.0,38.0,0.00532047264277935,0.006271485239267349,1.0,56.0,56.0,29.0,0.0011200638255104423,0.0007883473881520331,1.0,1057.0,1057.0,38.0,0.0006840350106358528,0.0006654303870163858,1.0,8404.6494140625,0.420232470703125
45,37,0.0003671738086268306,0.0003325065190438181,1.0,3498.0,3498.0,38.0,0.0019134711474180222,0.0015941282035782933,1.0,184.0,184.0,38.0,0.006643122527748346,0.007564895786345005,1.0,56.0,56.0,29.0,0.0011561675928533077,0.0012944474583491683,1.0,1057.0,1057.0,38.0,0.000680531607940793,0.000673730275593698,1.0,8404.0205078125,0.42020102539062504
46,37,0.00033561151940375566,0.0002898615784943104,1.0,3498.0,3498.0,38.0,0.0019864339847117662,0.0013760185102000833,1.0,184.0,184.0,38.0,0.0062097711488604546,0.005988838151097298,1.0,56.0,56.0,27.0,0.0010389494709670544,0.00107983173802495,1.0,1057.0,1057.0,38.0,0.0006188355037011206,0.0006226047407835722,1.0,8403.38671875,0.4201693359375
47,37,0.000315956975100562,0.0002625594206620008,1.0,3498.0,3498.0,38.0,0.0012658984633162618,0.0011744353687390685,1.0,184.0,184.0,38.0,0.006757349707186222,0.00410359725356102,1.0,56.0,56.0,27.0,0.0008265537908300757,0.0007690836791880429,1.0,1057.0,1057.0,38.0,0.0005395126063376665,0.0005401922389864922,1.0,8402.75390625,0.4201376953125
48,37,0.00037194593460299075,0.00039527457556687295,1.0,3498.0,3498.0,38.0,0.002122141420841217,0.0021628099493682384,1.0,184.0,184.0,37.0,0.01162346638739109,0.007573139853775501,1.0,56.0,56.0,31.0,0.0016127252019941807,0.0010309090139344335,1.0,1057.0,1057.0,38.0,0.0008417819626629353,0.000844026159029454,1.0,8402.12109375,0.4201060546875
49,37,0.000330237700836733,0.00033076992258429527,1.0,3498.0,3498.0,38.0,0.001765271881595254,0.0016862208722159266,1.0,184.0,184.0,37.0,0.005203171167522669,0.005472542252391577,1.0,56.0,56.0,27.0,0.0009913790272548795,0.0006063369219191372,1.0,1057.0,1057.0,38.0,0.00058448949130252,0.0005879555246792734,1.0,8401.486328125,0.42007431640625004
50,37,0.00037792709190398455,0.0003598420589696616,1.0,3498.0,3498.0,38.0,0.0025719194673001766,0.0026725763455033302,1.0,184.0,184.0,38.0,0.0047151315957307816,0.0040087527595460415,1.0,56.0,56.0,26.0,0.0008256621658802032,0.0006068831426091492,1.0,1057.0,1057.0,38.0,0.000613957759924233,0.0006114690913818777,1.0,8400.8544921875,0.42004272460937503
51,37,0.0003440733125898987,0.0002752462460193783,1.0,3498.0,3498.0,38.0,0.0016842162003740668,0.0013411984546110034,1.0,184.0,184.0,38.0,0.007466055918484926,0.006798668764531612,1.0,56.0,56.0,29.0,0.001234104624018073,0.0018051578663289547,1.0,1057.0,1057.0,38.0,0.0007298974087461829,0.0006748721934854984,1.0,8400.22265625,0.4200111328125
52,37,0.0003216580080334097,0.0004167797160334885,1.0,3498.0,3498.0,38.0,0.0015982978511601686,0.0020835213363170624,1.0,184.0,184.0,38.0,0.005080319009721279,0.004675168078392744,1.0,56.0,56.0,28.0,0.0008806528057903051,0.0007385698845610023,1.0,1057.0,1057.0,38.0,0.0005592505913227797,0.0005494461511261761,1.0,8399.587890625,0.41997939453125
53,37,0.0003111515543423593,0.0002784691168926656,1.0,3498.0,3498.0,38.0,0.001661672373302281,0.001668007462285459,1.0,184.0,184.0,37.0,0.004431112203747034,0.00711264181882143,1.0,56.0,56.0,32.0,0.00087170978076756,0.0008827379206195474,1.0,1057.0,1057.0,38.0,0.0005523660220205784,0.0005346601828932762,1.0,8398.955078125,0.41994775390625
54,37,0.0002971641952171922,0.00033617595909163356,1.0,3498.0,3498.0,38.0,0.001531153917312622,0.002100179437547922,1.0,184.0,184.0,38.0,0.004245723132044077,0.005568554159253836,1.0,56.0,56.0,30.0,0.0009507136419415474,0.000824642600491643,1.0,1057.0,1057.0,38.0,0.0005335554596967995,0.0005346981342881918,1.0,8398.3193359375,0.41991596679687504
55,37,0.0004863225622102618,0.0008348789415322244,1.0,3498.0,3498.0,38.0,0.002137676812708378,0.002979160286486149,1.0,184.0,184.0,38.0,0.005377761088311672,0.004458565730601549,1.0,56.0,56.0,31.0,0.001376864966005087,0.0006801830604672432,1.0,1057.0,1057.0,38.0,0.0007996390340849757,0.0008031261386349797,1.0,8397.6884765625,0.419884423828125
56,37,0.00025269799516536295,0.00029888475546613336,1.0,3498.0,3498.0,38.0,0.0012440127320587635,0.0012685017427429557,1.0,184.0,184.0,37.0,0.003385018091648817,0.0031613504979759455,1.0,56.0,56.0,30.0,0.0006258593057282269,0.0006098576704971492,1.0,1057.0,1057.0,38.0,0.0004132238682359457,0.0004095787589903921,1.0,8397.0537109375,0.419852685546875
57,37,0.00025740734417922795,0.00022640044335275888,1.0,3498.0,3498.0,38.0,0.0012975063873454928,0.0009721690439619124,1.0,184.0,184.0,38.0,0.005813387222588062,0.00422107195481658,1.0,56.0,56.0,26.0,0.0007658446556888521,0.0008434334886260331,1.0,1057.0,1057.0,38.0,0.000470872619189322,0.00047428562538698316,1.0,8396.419921875,0.41982099609375
58,37,0.0002760807692538947,0.00023877549392636865,1.0,3498.0,3498.0,38.0,0.0018198067555204034,0.0014240358723327518,1.0,184.0,184.0,36.0,0.0051589664071798325,0.0059951297007501125,1.0,56.0,56.0,29.0,0.000688787316903472,0.0006918438011780381,1.0,1057.0,1057.0,38.0,0.0004795657587237656,0.00048332122969441116,1.0,8395.787109375,0.41978935546875
59,37,0.0002686491934582591,0.0003211243310943246,1.0,3498.0,3498.0,38.0,0.001205905107781291,0.00134017295204103,1.0,184.0,184.0,38.0,0.004682037513703108,0.0037986570969223976,1.0,56.0,56.0,26.0,0.000758437265176326,0.000680411874782294,1.0,1057.0,1057.0,38.0,0.00046186253894120455,0.0004641258856281638,1.0,8395.1513671875,0.419757568359375
60,37,0.00022414921841118485,0.000220315414480865,1.0,3498.0,3498.0,38.0,0.0013204165734350681,0.0013100411742925644,1.0,184.0,184.0,38.0,0.004299146588891745,0.0036950756330043077,1.0,56.0,56.0,30.0,0.0005610493826679885,0.00045308424159884453,1.0,1057.0,1057.0,38.0,0.00039140006992965937,0.00038807341479696333,1.0,8394.5185546875,0.419725927734375
61,37,0.000269013165961951,0.00021740037482231855,1.0,3498.0,3498.0,38.0,0.0014710716204717755,0.0010307851480320096,1.0,184.0,184.0,37.0,0.009001386351883411,0.012517555616796017,1.0,56.0,56.0,29.0,0.0009947597282007337,0.002316828351467848,1.0,1057.0,1057.0,38.0,0.0007200802210718393,0.0005771061405539513,1.0,8393.884765625,0.41969423828125
62,37,0.00024120576563291252,0.00022607334540225565,1.0,3498.0,3498.0,38.0,0.0011747898533940315,0.0009461285080760717,1.0,184.0,184.0,37.0,0.0036896439269185066,0.0033304844982922077,1.0,56.0,56.0,30.0,0.0005628602229990065,0.0006293572951108217,1.0,1057.0,1057.0,38.0,0.0003855791292153299,0.0003882090386468917,1.0,8393.2490234375,0.419662451171875
63,37,0.0003171467687934637,0.00022914292640052736,1.0,3498.0,3498.0,38.0,0.002775292145088315,0.001883476972579956,1.0,184.0,184.0,38.0,0.00477641774341464,0.0037311348132789135,1.0,56.0,56.0,30.0,0.0007946159457787871,0.000659878074657172,1.0,1057.0,1057.0,38.0,0.0005669540259987116,0.0005688053206540644,1.0,8392.6181640625,0.41963090820312504
64,37,0.0003076670691370964,0.0003091608814429492,1.0,3498.0,3498.0,38.0,0.0016160691156983376,0.0014294571010395885,1.0,184.0,184.0,38.0,0.00490047549828887,0.0033811319153755903,1.0,56.0,56.0,30.0,0.0009265634580515325,0.0006675664917565882,1.0,1057.0,1057.0,38.0,0.0005445356364361942,0.0005479416577145457,1.0,8391.984375,0.41959921875
65,37,0.0002227294899057597,0.00021516898414120078,1.0,3498.0,3498.0,38.0,0.0011220010928809643,0.0009509431547485292,1.0,184.0,184.0,38.0,0.0028483294881880283,0.0036963133607059717,1.0,56.0,56.0,29.0,0.0006416643154807389,0.0006082018953748047,1.0,1057.0,1057.0,38.0,0.00037789129419252276,0.0003802505962084979,1.0,8391.3525390625,0.419567626953125
66,37,0.00023138149117585272,0.00024320169177372009,1.0,3498.0,3498.0,38.0,0.0009993172716349363,0.0012146440567448735,1.0,184.0,184.0,38.0,0.002991735702380538,0.0022786331828683615,1.0,56.0,56.0,32.0,0.0006274167681112885,0.0004152869223617017,1.0,1057.0,1057.0,38.0,0.00038352844421751797,0.00038038863567635417,1.0,8390.7158203125,0.419535791015625
67,37,0.0002471303450874984,0.00024369513266719878,1.0,3498.0,3498.0,38.0,0.001099324319511652,0.001126919873058796,1.0,184.0,184.0,38.0,0.004781580995768309,0.0030622566118836403,1.0,56.0,56.0,32.0,0.0007250773487612605,0.0011217360151931643,1.0,1057.0,1057.0,38.0,0.00046780225238762796,0.00043814658420160413,1.0,8390.0830078125,0.419504150390625
68,37,0.00025161122903227806,0.00022287129831966013,1.0,3498.0,3498.0,38.0,0.0014400748768821359,0.0010997627396136522,1.0,184.0,184.0,38.0,0.0038502628449350595,0.004186731763184071,1.0,56.0,56.0,27.0,0.0008109222399070859,0.00123401521705091,1.0,1057.0,1057.0,38.0,0.0004591080651152879,0.0004625379224307835,1.0,8389.44921875,0.4194724609375
69,37,0.00029627481126226485,0.00021494418615475297,1.0,3498.0,3498.0,38.0,0.0020103794522583485,0.0014841414522379637,1.0,184.0,184.0,38.0,0.0037379818968474865,0.00249587488360703,1.0,56.0,56.0,32.0,0.0007993064355105162,0.0006370409391820431,1.0,1057.0,1057.0,38.0,0.0005094137159176171,0.0005131330108270049,1.0,8388.81640625,0.4194408203125
70,37,0.00022596822236664593,0.00024316088820341974,1.0,3498.0,3498.0,38.0,0.0008962199790403247,0.001177250174805522,1.0,184.0,184.0,38.0,0.009168063290417194,0.003054950386285782,1.0,56.0,56.0,32.0,0.0009062899625860155,0.0006365151493810117,1.0,1057.0,1057.0,38.0,0.0005053678178228438,0.0005060899420641363,1.0,8388.18359375,0.4194091796875
71,37,0.0003040361334569752,0.0004141243698541075,1.0,3498.0,3498.0,38.0,0.002327747642993927,0.003041439224034548,1.0,184.0,184.0,37.0,0.004596506245434284,0.0023962585255503654,1.0,56.0,56.0,32.0,0.0007419960456900299,0.0003425083705224097,1.0,1057.0,1057.0,38.0,0.0005822337116114795,0.0005283666541799903,1.0,8387.5498046875,0.41937749023437504
72,37,0.00021828409808222204,0.0002737275790423155,1.0,3498.0,3498.0,38.0,0.0006853594677522779,0.0010864492505788803,1.0,184.0,184.0,38.0,0.002444187644869089,0.0023119798861443996,1.0,56.0,56.0,33.0,0.0006529616075567901,0.00039366030250675976,1.0,1057.0,1057.0,38.0,0.0003588887630030513,0.0003580226912163198,1.0,8386.9140625,0.419345703125
73,37,0.0002067511377390474,0.0002400802623014897,1.0,3498.0,3498.0,38.0,0.000988437794148922,0.0015226004179567099,1.0,184.0,184.0,38.0,0.0029204988386482,0.002084872918203473,1.0,56.0,56.0,29.0,0.0005065681762062013,0.0005173363606445491,1.0,1057.0,1057.0,38.0,0.00033327366691082716,0.00033453150535933673,1.0,8386.28125,0.41931406250000003
74,37,0.00020668232173193246,0.00029154479852877557,1.0,3498.0,3498.0,38.0,0.0010182582773268223,0.0005810135044157505,1.0,184.0,184.0,38.0,0.004646297078579664,0.003927512094378471,1.0,56.0,56.0,29.0,0.0005436177598312497,0.00041656181565485895,1.0,1057.0,1057.0,38.0,0.0003734659112524241,0.00036394805647432804,1.0,8385.6484375,0.41928242187500003
75,37,0.0001971588790183887,0.00018902200099546462,1.0,3498.0,3498.0,38.0,0.0010959357023239136,0.001439952990040183,1.0,184.0,184.0,38.0,0.002613493474200368,0.00254147220402956,1.0,56.0,56.0,30.0,0.0008163325837813318,0.000586481299251318,1.0,1057.0,1057.0,38.0,0.00040268019074574113,0.0003963572671636939,1.0,8385.0166015625,0.419250830078125
76,37,0.000185945478733629,0.00023154054360929877,1.0,3498.0,3498.0,38.0,0.0008197469869628549,0.0013872296549379826,1.0,184.0,184.0,38.0,0.0029618307016789913,0.0019177780486643314,1.0,56.0,56.0,31.0,0.0007195599609985948,0.0003456783597357571,1.0,1057.0,1057.0,38.0,0.0003592833527363837,0.00036031450144946575,1.0,8384.3818359375,0.419219091796875
77,37,0.00028550627757795155,0.00025924784131348133,1.0,3498.0,3498.0,38.0,0.0029778701718896627,0.002545697148889303,1.0,184.0,184.0,38.0,0.0031257807277143,0.005117036867886782,1.0,56.0,56.0,28.0,0.0006822615396231413,0.0006862616282887757,1.0,1057.0,1057.0,38.0,0.0005053275963291526,0.0005094521911814809,1.0,8383.7470703125,0.419187353515625
78,37,0.00016466929810121655,0.0001427926035830751,1.0,3498.0,3498.0,38.0,0.0006580811459571123,0.0006666620029136539,1.0,184.0,184.0,38.0,0.0034077907912433147,0.0021910930518060923,1.0,56.0,56.0,26.0,0.0005287461681291461,0.00032119094976224005,1.0,1057.0,1057.0,38.0,0.00029884002287872136,0.0003017353592440486,1.0,8383.11328125,0.41915566406250004
79,37,0.00016399213927797973,0.00016351038357242942,1.0,3498.0,3498.0,38.0,0.0007692371145822108,0.0008610926452092826,1.0,184.0,184.0,38.0,0.003100075526162982,0.0033424992579966784,1.0,56.0,56.0,27.0,0.0007528343703597784,0.0007750129443593323,1.0,1057.0,1057.0,38.0,0.00037427968345582485,0.00035131059121340513,1.0,8382.4775390625,0.41912387695312503
80,37,0.0001721607259241864,0.00012404211156535894,1.0,3498.0,3498.0,38.0,0.0008220796007663012,0.0005907881422899663,1.0,184.0,184.0,38.0,0.003506579902023077,0.0024352609179913998,1.0,56.0,56.0,31.0,0.0006231784354895353,0.00049455591943115,1.0,1057.0,1057.0,38.0,0.0003338688984513283,0.0003354637883603573,1.0,8381.845703125,0.41909228515625
81,37,0.0001947891287272796,0.0001377394364681095,1.0,3498.0,3498.0,38.0,0.0007717291591688991,0.0006719822995364666,1.0,184.0,184.0,38.0,0.0031475359573960304,0.0019731016363948584,1.0,56.0,56.0,28.0,0.0005346486577764153,0.00037253080517984927,1.0,1057.0,1057.0,38.0,0.000324255001032725,0.00032633080263622105,1.0,8381.2109375,0.419060546875
82,37,0.00016373822290915996,0.0001639321999391541,1.0,3498.0,3498.0,38.0,0.0009882173035293818,0.001347388606518507,1.0,184.0,184.0,38.0,0.0022522429935634136,0.0020964439027011395,1.0,56.0,56.0,31.0,0.00038902266533114016,0.00035834353184327483,1.0,1057.0,1057.0,38.0,0.00027017146931029856,0.0002694287395570427,1.0,8380.5751953125,0.41902875976562504
83,37,0.00019022518245037645,0.00017544665024615824,1.0,3498.0,3498.0,38.0,0.0007757620187476277,0.0008296004962176085,1.0,184.0,184.0,37.0,0.003061237744987011,0.0035321181640028954,1.0,56.0,56.0,31.0,0.0007090165745466948,0.0007473379373550415,1.0,1057.0,1057.0,38.0,0.000357707089278847,0.0003605855454225093,1.0,8379.9443359375,0.418997216796875
84,37,0.0001742624444887042,0.00015654864546377212,1.0,3498.0,3498.0,38.0,0.000871065363753587,0.0008359188796021044,1.0,184.0,184.0,38.0,0.0031648878939449787,0.0023237450513988733,1.0,56.0,56.0,29.0,0.0006001070141792297,0.0004211489576846361,1.0,1057.0,1057.0,38.0,0.0003281028475612402,0.0003298003866802901,1.0,8379.3095703125,0.41896547851562504
85,37,0.00015101628378033638,0.00016615167260169983,1.0,3498.0,3498.0,38.0,0.000813522725366056,0.0009588776156306267,1.0,184.0,184.0,38.0,0.0021785744465887547,0.00193108175881207,1.0,56.0,56.0,29.0,0.00038708600914105773,0.00020497737568803132,1.0,1057.0,1057.0,38.0,0.0002522477589081973,0.00025215710047632456,1.0,8378.673828125,0.41893369140625003
86,37,0.00020543437858577818,0.0001659209083300084,1.0,3498.0,3498.0,38.0,0.0011084488360211253,0.0009800706757232547,1.0,184.0,184.0,37.0,0.0024154342245310545,0.004111089278012514,1.0,56.0,56.0,31.0,0.0008289727848023176,0.0008199074654839933,1.0,1057.0,1057.0,38.0,0.0004003035428468138,0.0004033477744087577,1.0,8378.041015625,0.41890205078125003
87,37,0.00020292845147196203,0.00026414074818603694,1.0,3498.0,3498.0,38.0,0.0007291595102287829,0.0008461918914690614,1.0,184.0,184.0,36.0,0.002937285229563713,0.0017244545742869377,1.0,56.0,56.0,30.0,0.0005714904400520027,0.00030641478952020407,1.0,1057.0,1057.0,38.0,0.00033373889164067805,0.00033630081452429295,1.0,8377.408203125,0.41887041015625004
88,37,0.00016238114039879292,0.0001259903801837936,1.0,3498.0,3498.0,38.0,0.001007385435514152,0.0006589873810298741,1.0,184.0,184.0,37.0,0.002031971700489521,0.0024377363733947277,1.0,56.0,56.0,30.0,0.0004957627388648689,0.0005112541257403791,1.0,1057.0,1057.0,38.0,0.00028843196923844516,0.00029013134189881384,1.0,8376.7744140625,0.418838720703125
89,37,0.00020978954853489995,0.00018679822096601129,1.0,3498.0,3498.0,38.0,0.0010489270789548755,0.0010135045740753412,1.0,184.0,184.0,38.0,0.002909524366259575,0.006224475800991058,1.0,56.0,56.0,28.0,0.00047630208428017795,0.0005051635671406984,1.0,1057.0,1057.0,38.0,0.0003344173019286245,0.0003322692646179348,1.0,8376.140625,0.41880703125
90,37,0.00018291536252945662,0.0001036737157846801,1.0,3498.0,3498.0,38.0,0.0010392431868240237,0.00043760042171925306,1.0,184.0,184.0,38.0,0.0023181072901934385,0.0027348054572939873,1.0,56.0,56.0,30.0,0.0004766634665429592,0.0006242512026801705,1.0,1057.0,1057.0,38.0,0.00030380842508748174,0.00030546527705155313,1.0,8375.5068359375,0.41877534179687503
91,37,0.00014839688083156943,0.0002075194352073595,1.0,3498.0,3498.0,38.0,0.000698082207236439,0.0014556220266968012,1.0,184.0,184.0,38.0,0.0018443947192281485,0.0010372372344136238,1.0,56.0,56.0,29.0,0.00042772869346663356,0.000300096144201234,1.0,1057.0,1057.0,38.0,0.0002604635083116591,0.0002508727484382689,1.0,8374.875,0.41874375
92,37,0.00019494617299642414,0.0002979959244839847,1.0,3498.0,3498.0,38.0,0.0005902718403376639,0.0009486408671364188,1.0,184.0,184.0,38.0,0.0024023433215916157,0.001575214322656393,1.0,56.0,56.0,27.0,0.0003662836388684809,0.00026818900369107723,1.0,1057.0,1057.0,38.0,0.00028092140564695,0.0002736652095336467,1.0,8374.2392578125,0.418711962890625
93,37,0.00015772915503475815,0.00013224728172644973,1.0,3498.0,3498.0,38.0,0.000886029563844204,0.0008478779345750809,1.0,184.0,184.0,38.0,0.0020445319823920727,0.0011230603558942676,1.0,56.0,56.0,28.0,0.00044617874664254487,0.00034253663034178317,1.0,1057.0,1057.0,38.0,0.0002710139087866992,0.0002712973509915173,1.0,8373.60546875,0.41868027343750003
94,37,0.00012149973917985335,9.612192661734298e-05,1.0,3498.0,3498.0,38.0,0.0005951989442110062,0.0003773051139432937,1.0,184.0,184.0,38.0,0.001738860853947699,0.002224526135250926,1.0,56.0,56.0,28.0,0.00031840146402828395,0.000376346695702523,1.0,1057.0,1057.0,38.0,0.00020503737323451787,0.00020197064441163093,1.0,8372.9716796875,0.41864858398437504
95,37,0.00011980134877376258,0.00011261326289968565,1.0,3498.0,3498.0,38.0,0.0005690257530659437,0.00045667815720662475,1.0,184.0,184.0,38.0,0.0021648991387337446,0.0024441839195787907,1.0,56.0,56.0,28.0,0.00032047784770838916,0.0002860917302314192,1.0,1057.0,1057.0,38.0,0.00020991881319787353,0.00020516064250841737,1.0,8372.337890625,0.41861689453125
96,37,0.00014390003343578428,0.00014691383694298565,1.0,3498.0,3498.0,38.0,0.0006535016582347453,0.0006751481560058892,1.0,184.0,184.0,38.0,0.002336095552891493,0.0021586366929113865,1.0,56.0,56.0,31.0,0.0005247315275482833,0.00029922646353952587,1.0,1057.0,1057.0,38.0,0.00027271665749140084,0.0002730071428231895,1.0,8371.7041015625,0.418585205078125
97,37,0.00014901651593390852,0.00012976732978131622,1.0,3498.0,3498.0,38.0,0.0007011237903498113,0.0005568714113906026,1.0,184.0,184.0,38.0,0.003070580307394266,0.002565861213952303,1.0,56.0,56.0,25.0,0.0005115491221658885,0.0005785839166492224,1.0,1057.0,1057.0,38.0,0.000281727930996567,0.00028423909679986537,1.0,8371.0693359375,0.418553466796875
98,37,0.00016388481890317053,0.0001368669472867623,1.0,3498.0,3498.0,38.0,0.0005642008036375046,0.0006543524214066565,1.0,184.0,184.0,37.0,0.001825570478104055,0.0032323424238711596,1.0,56.0,56.0,28.0,0.0005785742541775107,0.000562381639610976,1.0,1057.0,1057.0,38.0,0.0002891660260502249,0.0002900661202147603,1.0,8370.435546875,0.41852177734375
99,37,0.0001378531160298735,0.00012876876280643046,1.0,3498.0,3498.0,38.0,0.0006099196616560221,0.0006118897581472993,1.0,184.0,184.0,38.0,0.0023119207471609116,0.0014989159535616636,1.0,56.0,56.0,28.0,0.00035211691283620894,0.00038837266038171947,1.0,1057.0,1057.0,38.0,0.00022808324138168246,0.0002285903028678149,1.0,8369.802734375,0.41849013671875
100,37,0.00014945583825465292,0.00011275299766566604,1.0,3498.0,3498.0,38.0,0.0008549797348678112,0.0004888841649517417,1.0,184.0,184.0,38.0,0.0023273092228919268,0.001961872912943363,1.0,56.0,56.0,30.0,0.0003882793243974447,0.00035979156382381916,1.0,1057.0,1057.0,38.0,0.00025201617972925305,0.0002546096802689135,1.0,8369.169921875,0.41845849609375
101,37,0.00016911272541619837,0.00011989838822046295,1.0,3498.0,3498.0,38.0,0.0008880117093212903,0.000519846158567816,1.0,184.0,184.0,38.0,0.002647592918947339,0.0023458232171833515,1.0,56.0,56.0,32.0,0.0003776576486416161,0.0005438011139631271,1.0,1057.0,1057.0,38.0,0.00027549071819521487,0.0002716162125580013,1.0,8368.5361328125,0.41842680664062504
102,37,0.00012879334099125117,9.836172830546275e-05,1.0,3498.0,3498.0,38.0,0.0006476371199823916,0.00043035484850406647,1.0,184.0,184.0,38.0,0.0016237491508945823,0.001420224318280816,1.0,56.0,56.0,33.0,0.0004601786204148084,0.00045633461559191346,1.0,1057.0,1057.0,38.0,0.0002377643104409799,0.000239212327869609,1.0,8367.90234375,0.4183951171875
103,37,0.0001335195411229506,0.0001713775855023414,1.0,3498.0,3498.0,38.0,0.0008417374338023365,0.0010119270300492644,1.0,184.0,184.0,38.0,0.0019523962400853634,0.0017458215588703752,1.0,56.0,56.0,28.0,0.0003528311208356172,0.0003104776260443032,1.0,1057.0,1057.0,38.0,0.00022879563039168715,0.00023028315627016127,1.0,8367.2666015625,0.41836333007812504
104,37,0.00011051334877265617,0.00014530110638588667,1.0,3498.0,3498.0,38.0,0.0004474127199500799,0.0004439817857928574,1.0,184.0,184.0,36.0,0.0018021160503849387,0.001472375588491559,1.0,56.0,56.0,31.0,0.0002392524911556393,0.000225227398914285,1.0,1057.0,1057.0,38.0,0.00017526904412079602,0.0001715762191452086,1.0,8366.6328125,0.418331640625
105,37,0.00013539638894144446,0.00013346267223823816,1.0,3498.0,3498.0,38.0,0.0006650681607425213,0.000583903631195426,1.0,184.0,184.0,37.0,0.0022780424915254116,0.001630311831831932,1.0,56.0,56.0,30.0,0.0003419026033952832,0.00019737581897061318,1.0,1057.0,1057.0,38.0,0.00022856815485283732,0.00022626706049777567,1.0,8366.0009765625,0.418300048828125
106,37,0.00015240456559695303,0.00019859516760334373,1.0,3498.0,3498.0,38.0,0.0006827256293036044,0.0008464655256830156,1.0,184.0,184.0,37.0,0.002859722822904587,0.002527862088754773,1.0,56.0,56.0,30.0,0.0004804612253792584,0.00031038880115374923,1.0,1057.0,1057.0,38.0,0.00027529450017027557,0.0002766891848295927,1.0,8365.3681640625,0.418268408203125
107,37,0.00012091027019778267,0.00014280610776040703,1.0,3498.0,3498.0,38.0,0.0004853468562941998,0.0005594849353656173,1.0,184.0,184.0,37.0,0.0017755754524841905,0.001129496144130826,1.0,56.0,56.0,32.0,0.0003325961297377944,0.00019247751333750784,1.0,1057.0,1057.0,38.0,0.00020110118202865124,0.00020088306337129325,1.0,8364.7333984375,0.418236669921875
108,37,0.00013962731463834643,0.00012974340643268079,1.0,3498.0,3498.0,38.0,0.0008132311631925404,0.00071189139271155,1.0,184.0,184.0,38.0,0.0017350000562146306,0.001540723373182118,1.0,56.0,56.0,32.0,0.0003408683114685118,0.0002937992103397846,1.0,1057.0,1057.0,38.0,0.00022970582358539104,0.00022846895444672555,1.0,8364.1005859375,0.41820502929687503
109,37,0.00012376278755255044,0.00011564425949472934,1.0,3498.0,3498.0,38.0,0.0005574054666794837,0.000529646291397512,1.0,184.0,184.0,38.0,0.0016922879731282592,0.0011733981082215905,1.0,56.0,56.0,28.0,0.0002922972780652344,0.0002627552312333137,1.0,1057.0,1057.0,38.0,0.00019561877707019448,0.0001958730281330645,1.0,8363.466796875,0.41817333984375005
110,37,0.0001400169712724164,0.00013284513261169195,1.0,3498.0,3498.0,38.0,0.0004725278413388878,0.0004997403011657298,1.0,184.0,184.0,38.0,0.0013262125430628657,0.000977598363533616,1.0,56.0,56.0,26.0,0.0002952262875624001,0.0002409452572464943,1.0,1057.0,1057.0,38.0,0.0002010012831306085,0.00020084391871932894,1.0,8362.833984375,0.41814169921875
111,37,0.00010051680874312297,0.00012069999502273276,1.0,3498.0,3498.0,38.0,0.0005036591901443899,0.000679783639498055,1.0,184.0,184.0,38.0,0.0020298438612371683,0.0014888744335621595,1.0,56.0,56.0,31.0,0.00039541831938549876,0.00023141098790802062,1.0,1057.0,1057.0,38.0,0.00020232911629136652,0.00020352649153210223,1.0,8362.19921875,0.4181099609375
112,37,0.00013858283637091517,0.00012247386621311307,1.0,3498.0,3498.0,38.0,0.0004793234693352133,0.0006497270078398287,1.0,184.0,184.0,37.0,0.0018616949673742056,0.001338250353001058,1.0,56.0,56.0,27.0,0.0003554047434590757,0.0005479794926941395,1.0,1057.0,1057.0,38.0,0.00023223039170261472,0.0002195778943132609,1.0,8361.56640625,0.41807832031250003
113,37,0.00010451453999849036,9.092043183045462e-05,1.0,3498.0,3498.0,38.0,0.000497352157253772,0.0003905555640812963,1.0,184.0,184.0,36.0,0.0021003056317567825,0.0016023353673517704,1.0,56.0,56.0,29.0,0.00044445539242587984,0.0002425536949886009,1.0,1057.0,1057.0,38.0,0.0002167255152016878,0.00021783338161185384,1.0,8360.9326171875,0.41804663085937505
114,37,0.00011577076656976715,0.00013469942496158183,1.0,3498.0,3498.0,38.0,0.0006226097466424108,0.0007300842553377151,1.0,184.0,184.0,38.0,0.001210991176776588,0.0010451709385961294,1.0,56.0,56.0,29.0,0.0002765441022347659,0.00017571689386386424,1.0,1057.0,1057.0,38.0,0.0001856097369454801,0.00018345129501540214,1.0,8360.2998046875,0.418014990234375
115,37,0.00019940266793128103,0.0007740988512523472,1.0,3498.0,3498.0,38.0,0.0005245759966783226,0.0003927984507754445,1.0,184.0,184.0,38.0,0.002223174087703228,0.0035703741014003754,1.0,56.0,56.0,31.0,0.0002993848465848714,0.0003337393864057958,1.0,1057.0,1057.0,38.0,0.00033729273127391934,0.00025755580281838775,1.0,8359.6650390625,0.417983251953125
116,37,0.00012051476369379088,9.317217336501926e-05,1.0,3498.0,3498.0,38.0,0.0013135981280356646,0.00042810747982002795,1.0,184.0,184.0,37.0,0.0016644812421873212,0.0012964785564690828,1.0,56.0,56.0,27.0,0.0009722986724227667,0.003071459010243416,1.0,1057.0,1057.0,38.0,0.0005241855978965759,0.00037209453876130283,1.0,8359.033203125,0.41795166015625
117,37,0.00011409779835958034,9.86944796750322e-05,1.0,3498.0,3498.0,38.0,0.0004868672403972596,0.0005168669740669429,1.0,184.0,184.0,38.0,0.0017916344804689288,0.0012090237578377128,1.0,56.0,56.0,30.0,0.000347084307577461,0.0003164834051858634,1.0,1057.0,1057.0,38.0,0.0001997368090087548,0.00019935292948503047,1.0,8358.40234375,0.4179201171875
118,37,0.00010830792598426342,0.00013047610991634429,1.0,3498.0,3498.0,38.0,0.0004936169716529548,0.0005300908233039081,1.0,184.0,184.0,37.0,0.0015134408604353666,0.0012266396079212427,1.0,56.0,56.0,33.0,0.00023238609719555825,0.00014361216744873673,1.0,1057.0,1057.0,38.0,0.0001673775550443679,0.00016685535956639796,1.0,8357.7685546875,0.417888427734375
119,37,0.00012651820725295693,9.760064858710393e-05,1.0,3498.0,3498.0,38.0,0.0011787074618041515,0.0005496757803484797,1.0,184.0,184.0,38.0,0.0023453154135495424,0.0024925442412495613,1.0,56.0,56.0,30.0,0.0003077170404139906,0.00024024685262702405,1.0,1057.0,1057.0,38.0,0.00023271108511835337,0.00023275025887414813,1.0,8357.134765625,0.41785673828125003
120,37,0.00010624747665133327,0.00010033209400717169,1.0,3498.0,3498.0,38.0,0.0005632246029563248,0.0004833736747968942,1.0,184.0,184.0,38.0,0.0017613557865843177,0.001927059842273593,1.0,56.0,56.0,28.0,0.00029176819953136146,0.0002631076204124838,1.0,1057.0,1057.0,38.0,0.00018321223615203053,0.0001840087352320552,1.0,8356.501953125,0.41782509765625003
121,37,0.00011687081860145554,0.00010181927791563794,1.0,3498.0,3498.0,38.0,0.00048417525249533355,0.0003973536367993802,1.0,184.0,184.0,38.0,0.0020188826601952314,0.0018000974087044597,1.0,56.0,56.0,30.0,0.00043670585728250444,0.0005891906330361962,1.0,1057.0,1057.0,38.0,0.0002244351926492527,0.00022368256759364158,1.0,8355.8701171875,0.417793505859375
122,37,0.00014881159586366266,0.0001554540649522096,1.0,3498.0,3498.0,38.0,0.0008561864378862083,0.0008687486406415701,1.0,184.0,184.0,37.0,0.0014955697115510702,0.0014040874084457755,1.0,56.0,56.0,30.0,0.0002817170461639762,0.00046593951992690563,1.0,1057.0,1057.0,38.0,0.000226752003072761,0.00022098186309449375,1.0,8355.2373046875,0.41776186523437503
123,37,0.00014158808335196227,0.0001813729468267411,1.0,3498.0,3498.0,38.0,0.0005143788876011968,0.0006884765462018549,1.0,184.0,184.0,36.0,0.002142692217603326,0.0016419808380305767,1.0,56.0,56.0,32.0,0.0003533376147970557,0.00022311456268653274,1.0,1057.0,1057.0,38.0,0.00022424053167924285,0.00022594149049837142,1.0,8354.6044921875,0.41773022460937503
124,37,0.00010766242485260591,0.00011543117580004036,1.0,3498.0,3498.0,38.0,0.0005281693884171546,0.0005081064300611615,1.0,184.0,184.0,38.0,0.0008757789619266987,0.0007837121374905109,1.0,56.0,56.0,32.0,0.0002548632037360221,0.00020988163305446506,1.0,1057.0,1057.0,38.0,0.0001693712401902303,0.00016521800716873258,1.0,8353.9716796875,0.41769858398437504
125,37,0.00011309266847092658,0.00017605163156986237,1.0,3498.0,3498.0,38.0,0.0012694995384663343,0.005161542445421219,1.0,184.0,184.0,38.0,0.001540553756058216,0.0010622561676427722,1.0,56.0,56.0,29.0,0.00028729025507345796,0.00022142782108858228,1.0,1057.0,1057.0,38.0,0.00025404777261428535,0.00021253866725601256,1.0,8353.337890625,0.41766689453125
126,37,0.00011345928214723244,0.00010233365173917264,1.0,3498.0,3498.0,38.0,0.0005757143371738493,0.0005436473875306547,1.0,184.0,184.0,38.0,0.002674967283383012,0.0059865927323699,1.0,56.0,56.0,32.0,0.00046111902338452637,0.0009869036730378866,1.0,1057.0,1057.0,38.0,0.0002856181235983968,0.00023775036970619112,1.0,8352.705078125,0.41763525390625
127,37,9.778360254131258e-05,0.00010833729902515188,1.0,3498.0,3498.0,38.0,0.0004011416167486459,0.00050074711907655,1.0,184.0,184.0,38.0,0.00254913535900414,0.0015334400814026594,1.0,56.0,56.0,25.0,0.0003738811647053808,0.0001931273000082001,1.0,1057.0,1057.0,38.0,0.00019733044609893113,0.0001989157753996551,1.0,8352.072265625,0.41760361328125
128,37,0.00011715340951923281,0.00021527768694795668,1.0,3498.0,3498.0,38.0,0.0013201248366385698,0.003103668801486492,1.0,184.0,184.0,37.0,0.0013686586171388626,0.0010606120340526104,1.0,56.0,56.0,34.0,0.0002957580436486751,0.00020515992946457118,1.0,1057.0,1057.0,38.0,0.0002601430460345,0.00021730276057496667,1.0,8351.44140625,0.41757207031250004
129,37,9.076559217646718e-05,0.0001328271464444697,1.0,3498.0,3498.0,38.0,0.00036355710471980274,0.0006097033619880676,1.0,184.0,184.0,38.0,0.0016877996968105435,0.001504767220467329,1.0,56.0,56.0,30.0,0.00022853488917462528,0.00015180154878180474,1.0,1057.0,1057.0,38.0,0.0001550524029880762,0.00015025457832962275,1.0,8350.8076171875,0.417540380859375
130,37,8.996768156066537e-05,8.929088653530926e-05,1.0,3498.0,3498.0,38.0,0.00034215982304885983,0.00030877295648679137,1.0,184.0,184.0,38.0,0.0017425137339159846,0.0008250529645010829,1.0,56.0,56.0,28.0,0.0002576448896434158,0.00021707103587687016,1.0,1057.0,1057.0,38.0,0.00015561695909127593,0.00015590735711157322,1.0,8350.173828125,0.41750869140625
131,37,8.36682302178815e-05,8.125277236104012e-05,1.0,3498.0,3498.0,38.0,0.0002804863324854523,0.0002725976228248328,1.0,184.0,184.0,38.0,0.0011556671233847737,0.0009723927360028028,1.0,56.0,56.0,29.0,0.00024347090220544487,0.0001792841503629461,1.0,1057.0,1057.0,38.0,0.00013916431635152549,0.00013896706514060497,1.0,8349.5419921875,0.417477099609375
132,37,9.977105219149962e-05,9.904245234793052e-05,1.0,3498.0,3498.0,38.0,0.0004816121654585004,0.0004657589306589216,1.0,184.0,184.0,38.0,0.0013041149359196424,0.0017503834096714854,1.0,56.0,56.0,28.0,0.00023527469602413476,0.00014071020996198058,1.0,1057.0,1057.0,38.0,0.00015742299729026854,0.000158359034685418,1.0,8348.9091796875,0.417445458984375
133,37,0.00011523170542204753,0.00017392271547578275,1.0,3498.0,3498.0,38.0,0.0003755966026801616,0.000494863314088434,1.0,184.0,184.0,38.0,0.0016972701996564865,0.0013625171268358827,1.0,56.0,56.0,29.0,0.00022719087428413332,0.00012579346366692334,1.0,1057.0,1057.0,38.0,0.000174117783899419,0.00016837917792145163,1.0,8348.2763671875,0.417413818359375
134,37,0.00010133707110071555,0.00010967299749609083,1.0,3498.0,3498.0,38.0,0.00044469928252510726,0.0004972745082341135,1.0,184.0,184.0,38.0,0.0009408381301909685,0.0009791541378945112,1.0,56.0,56.0,27.0,0.00023169400810729712,0.000246196985244751,1.0,1057.0,1057.0,38.0,0.00015236128820106387,0.00015305302804335952,1.0,8347.6416015625,0.417382080078125
135,37,8.713541319593787e-05,7.323374302359298e-05,1.0,3498.0,3498.0,38.0,0.00038304703775793314,0.00023896346101537347,1.0,184.0,184.0,38.0,0.0011433104518800974,0.0011903938138857484,1.0,56.0,56.0,28.0,0.00027362274704501033,0.00032366160303354263,1.0,1057.0,1057.0,38.0,0.00015127558435779065,0.00015193430590443313,1.0,8347.0107421875,0.41735053710937503
136,37,9.787184535525739e-05,0.00014613836538046598,1.0,3498.0,3498.0,38.0,0.0004165081772953272,0.0004934658063575625,1.0,184.0,184.0,38.0,0.0015044455649331212,0.0010673521319404244,1.0,56.0,56.0,31.0,0.0003499254526104778,0.00021708816348109394,1.0,1057.0,1057.0,38.0,0.0001888240221887827,0.00018208828987553716,1.0,8346.376953125,0.41731884765625005
137,37,0.00011955215450143442,0.00011289028770988807,1.0,3498.0,3498.0,38.0,0.0005304022342897952,0.0004639617691282183,1.0,184.0,184.0,38.0,0.0017432252643629909,0.0015914641553536057,1.0,56.0,56.0,32.0,0.00027185853105038404,0.0001952184538822621,1.0,1057.0,1057.0,38.0,0.00018641582573764026,0.00018785454449243844,1.0,8345.7470703125,0.417287353515625
138,37,8.709185203770176e-05,0.0001231987844221294,1.0,3498.0,3498.0,38.0,0.00034492011764086783,0.00041908820276148617,1.0,184.0,184.0,38.0,0.0010824194177985191,0.0020523909479379654,1.0,56.0,56.0,31.0,0.000453641579952091,0.0002412719331914559,1.0,1057.0,1057.0,38.0,0.00019500523922033608,0.00018941130838356912,1.0,8345.1123046875,0.41725561523437504
139,37,9.603760554455221e-05,8.664199413033202e-05,1.0,3498.0,3498.0,38.0,0.0003558584430720657,0.00036561363958753645,1.0,184.0,184.0,38.0,0.001337708905339241,0.0011350044514983892,1.0,56.0,56.0,28.0,0.0002585160546004772,0.00030615038122050464,1.0,1057.0,1057.0,38.0,0.00015586185327265412,0.00015632547729182988,1.0,8344.4794921875,0.417223974609375
140,37,7.858542812755331e-05,7.560275844298303e-05,1.0,3498.0,3498.0,38.0,0.00039086659671738744,0.00028915840084664524,1.0,184.0,184.0,38.0,0.0012041216250509024,0.0009680947405286133,1.0,56.0,56.0,34.0,0.00024394616775680333,0.00018492378876544535,1.0,1057.0,1057.0,38.0,0.0001400694891344756,0.00014016541535966098,1.0,8343.84765625,0.41719238281250004
141,37,9.655076428316534e-05,0.00011084265861427411,1.0,3498.0,3498.0,38.0,0.000461353687569499,0.0006081730825826526,1.0,184.0,184.0,38.0,0.0017414081376045942,0.002136543393135071,1.0,56.0,56.0,31.0,0.0002365096443099901,0.00016939209308475256,1.0,1057.0,1057.0,38.0,0.00015939913282636553,0.0001606117293704301,1.0,8343.2158203125,0.41716079101562503
142,37,8.635389531264082e-05,6.544419738929719e-05,1.0,3498.0,3498.0,38.0,0.0003122240595985204,0.0002853956539183855,1.0,184.0,184.0,38.0,0.0015973884146660566,0.0012209225678816438,1.0,56.0,56.0,29.0,0.0003023417666554451,0.00022116224863566458,1.0,1057.0,1057.0,38.0,0.0001594402565388009,0.00016028032405301929,1.0,8342.5859375,0.417129296875
143,37,0.00010101842053700238,7.788823859300464e-05,1.0,3498.0,3498.0,38.0,0.00039004816790111363,0.0002828243304975331,1.0,184.0,184.0,38.0,0.001337185618467629,0.0010533832246437669,1.0,56.0,56.0,27.0,0.00032186214230023324,0.0003843879676423967,1.0,1057.0,1057.0,38.0,0.00017454980115871876,0.00017522877897135913,1.0,8341.9521484375,0.417097607421875
144,37,7.319112046388909e-05,5.591937224380672e-05,1.0,3498.0,3498.0,38.0,0.0003513849515002221,0.00021576081053353846,1.0,184.0,184.0,37.0,0.0011149385245516896,0.0010362101020291448,1.0,56.0,56.0,25.0,0.00019526616961229593,0.0002520688867662102,1.0,1057.0,1057.0,38.0,0.00012296964996494353,0.0001229426998179406,1.0,8341.3193359375,0.417065966796875
145,37,9.303218394052237e-05,6.846558972029015e-05,1.0,3498.0,3498.0,38.0,0.00031617056811228395,0.00021804898278787732,1.0,184.0,184.0,38.0,0.0012539614690467715,0.0013424004428088665,1.0,56.0,56.0,30.0,0.00023736745060887188,0.00020181131549179554,1.0,1057.0,1057.0,38.0,0.00014599651331081986,0.00014697000733576715,1.0,8340.6845703125,0.417034228515625
146,37,8.649172377772629e-05,6.92789617460221e-05,1.0,3498.0,3498.0,38.0,0.00032392627326771617,0.0002269916149089113,1.0,184.0,184.0,38.0,0.0012994114076718688,0.0011122770374640822,1.0,56.0,56.0,29.0,0.00018886325415223837,0.00015416489623021334,1.0,1057.0,1057.0,38.0,0.00013204020797275007,0.00013233492791187018,1.0,8340.052734375,0.41700263671875004
147,37,0.00013056170428171754,0.0002316988247912377,1.0,3498.0,3498.0,38.0,0.0011620871955528855,0.001759847509674728,1.0,184.0,184.0,38.0,0.0013040724443271756,0.0013083787634968758,1.0,56.0,56.0,28.0,0.00030782382236793637,0.0002005488204304129,1.0,1057.0,1057.0,38.0,0.00022186845308169723,0.00022292527137324214,1.0,8339.421875,0.41697109375
148,37,0.00010110547009389848,7.19366071280092e-05,1.0,3498.0,3498.0,38.0,0.0004702436563093215,0.0003322131815366447,1.0,184.0,184.0,38.0,0.0014584220480173826,0.0018526174826547503,1.0,56.0,56.0,28.0,0.00027350493473932147,0.0002882846165448427,1.0,1057.0,1057.0,38.0,0.0001718670828267932,0.00016912577848415822,1.0,8338.7900390625,0.416939501953125
149,37,7.737022679066285e-05,5.902601333218627e-05,1.0,3498.0,3498.0,38.0,0.00024694050080142915,0.00019479880575090647,1.0,184.0,184.0,38.0,0.0010486326646059752,0.0015719584189355373,1.0,56.0,56.0,28.0,0.00019267306197434664,0.0002696783049032092,1.0,1057.0,1057.0,38.0,0.0001232330541824922,0.000120637530926615,1.0,8338.158203125,0.41690791015625
150,37,0.0001643649593461305,0.0002238657179987058,1.0,3498.0,3498.0,38.0,0.0026858581695705652,0.012889116071164608,1.0,184.0,184.0,38.0,0.0014564248267561197,0.001783869811333716,1.0,56.0,56.0,32.0,0.000264441390754655,0.0003304817364551127,1.0,1057.0,1057.0,38.0,0.0002957126998808235,0.0002982734004035592,1.0,8337.52734375,0.41687636718750004
151,37,7.504688255721703e-05,6.577371095772833e-05,1.0,3498.0,3498.0,38.0,0.0002340635983273387,0.00045388599392026663,1.0,184.0,184.0,38.0,0.001189101138152182,0.0011758148903027177,1.0,56.0,56.0,30.0,0.00024202019267249852,0.00018909260688815266,1.0,1057.0,1057.0,38.0,0.00013039525947533548,0.00013096698967274278,1.0,8336.8955078125,0.41684477539062503
152,37,7.783402543282136e-05,7.896209717728198e-05,1.0,3498.0,3498.0,38.0,0.00032916251802816987,0.000327377492794767,1.0,184.0,184.0,38.0,0.0015710557345300913,0.0010492453584447503,1.0,56.0,56.0,28.0,0.00019201594113837928,0.0001564032572787255,1.0,1057.0,1057.0,38.0,0.0001297069393331185,0.00013008744281250983,1.0,8336.26171875,0.4168130859375
153,37,7.656143861822784e-05,7.068679406074807e-05,1.0,3498.0,3498.0,38.0,0.000347304274328053,0.0002873570774681866,1.0,184.0,184.0,38.0,0.0037992321886122227,0.015012701973319054,1.0,56.0,56.0,28.0,0.0005673894193023443,0.0020292927511036396,1.0,1057.0,1057.0,38.0,0.0003568519023247063,0.00023862429952714592,1.0,8335.6279296875,0.416781396484375
154,37,0.00010860650218091905,8.282528870040551e-05,1.0,3498.0,3498.0,38.0,0.0006852868245914578,0.0006432784721255302,1.0,184.0,184.0,37.0,0.0010355483973398805,0.001634219428524375,1.0,56.0,56.0,31.0,0.0002835459599737078,0.00037732510827481747,1.0,1057.0,1057.0,38.0,0.0001818066230043769,0.0001801245380192995,1.0,8334.9990234375,0.416749951171875
155,37,7.99339686636813e-05,5.709364268113859e-05,1.0,3498.0,3498.0,38.0,0.0002861768298316747,0.00022838533914182335,1.0,184.0,184.0,38.0,0.0011221392778679729,0.0010039317421615124,1.0,56.0,56.0,32.0,0.00018501364684198052,0.00030423919088207185,1.0,1057.0,1057.0,38.0,0.00012778936070390046,0.00012318347580730915,1.0,8334.369140625,0.41671845703125004
156,37,8.998778503155336e-05,7.643118442501873e-05,1.0,3498.0,3498.0,38.0,0.00025812885724008083,0.00026487227296456695,1.0,184.0,184.0,38.0,0.0008707069209776819,0.0008321028435602784,1.0,56.0,56.0,26.0,0.00018826447194442153,0.00018682073277886957,1.0,1057.0,1057.0,38.0,0.0001271100773010403,0.00012722171959467232,1.0,8333.734375,0.41668671875
157,37,7.482121145585552e-05,6.797651440137997e-05,1.0,3498.0,3498.0,38.0,0.00031673291232436895,0.0003224603133276105,1.0,184.0,184.0,38.0,0.0009584708604961634,0.0006120025063864887,1.0,56.0,56.0,30.0,0.0001854883012128994,0.0001425398513674736,1.0,1057.0,1057.0,38.0,0.00011875743803102523,0.00011881938553415239,1.0,8333.1025390625,0.416655126953125
158,37,8.606618212070316e-05,7.928591367090121e-05,1.0,3498.0,3498.0,38.0,0.00039143458707258105,0.00038623277214355767,1.0,184.0,184.0,37.0,0.0009805215522646904,0.0007099183858372271,1.0,56.0,56.0,30.0,0.00018399133114144206,0.0001340637099929154,1.0,1057.0,1057.0,38.0,0.00012966127542313188,0.00012981679174117744,1.0,8332.470703125,0.41662353515625
159,37,7.785126217640936e-05,5.3410585678648204e-05,1.0,3498.0,3498.0,38.0,0.0002651922404766083,0.00022270047338679433,1.0,184.0,184.0,38.0,0.001099556335248053,0.0009844189044088125,1.0,56.0,56.0,30.0,0.0002099811827065423,0.0001538902724860236,1.0,1057.0,1057.0,38.0,0.0001251878566108644,0.000126098922919482,1.0,8331.841796875,0.41659208984375
160,37,6.682914681732655e-05,7.759785512462258e-05,1.0,3498.0,3498.0,38.0,0.0003260856319684535,0.00043583440128713846,1.0,184.0,184.0,38.0,0.001015221350826323,0.00108565844129771,1.0,56.0,56.0,33.0,0.00019461319607216865,0.00019191541650798172,1.0,1057.0,1057.0,38.0,0.00011709561658790335,0.00011602224549278617,1.0,8331.2080078125,0.41656040039062503
161,37,7.096063200151548e-05,7.417790766339749e-05,1.0,3498.0,3498.0,38.0,0.0002538924163673073,0.00026993948267772794,1.0,184.0,184.0,38.0,0.0012561383191496134,0.001323015196248889,1.0,56.0,56.0,27.0,0.0001678600237937644,0.0001349123485852033,1.0,1057.0,1057.0,38.0,0.00011321828787913546,0.00011318212636979297,1.0,8330.576171875,0.41652880859375
162,37,6.680386286461726e-05,5.267792585073039e-05,1.0,3498.0,3498.0,38.0,0.0002632398100104183,0.0001703866437310353,1.0,184.0,184.0,38.0,0.0007329159998334944,0.0009717594366520643,1.0,56.0,56.0,32.0,0.000168944985489361,0.00013302269508130848,1.0,1057.0,1057.0,38.0,0.00010460114572197199,0.000104636957985349,1.0,8329.9423828125,0.41649711914062504
163,37,7.820331666152924e-05,7.01523749739863e-05,1.0,3498.0,3498.0,38.0,0.0003073780972044915,0.00031996419420465827,1.0,184.0,184.0,38.0,0.001302228425629437,0.001079905778169632,1.0,56.0,56.0,31.0,0.00025366508634760976,0.00012106125359423459,1.0,1057.0,1057.0,38.0,0.00013876898447051644,0.00013997111818753183,1.0,8329.3115234375,0.416465576171875
164,37,8.522276766598225e-05,8.185507613234222e-05,1.0,3498.0,3498.0,38.0,0.0003809220506809652,0.000471121835289523,1.0,184.0,184.0,38.0,0.001178609556518495,0.0013995857443660498,1.0,56.0,56.0,31.0,0.0002264956128783524,0.00016319120186381042,1.0,1057.0,1057.0,38.0,0.00014076923253014684,0.00014048110460862517,1.0,8328.6806640625,0.416434033203125
165,37,7.511873263865709e-05,5.845191117259674e-05,1.0,3498.0,3498.0,38.0,0.0003481864114291966,0.0002242583577753976,1.0,184.0,184.0,38.0,0.0012264489196240902,0.0007242729770950973,1.0,56.0,56.0,28.0,0.0002120443241437897,0.00014927939628250897,1.0,1057.0,1057.0,38.0,0.00012822811549995095,0.0001292270317208022,1.0,8328.0498046875,0.41640249023437503
166,37,7.582038961118087e-05,0.00011890350288012996,1.0,3498.0,3498.0,38.0,0.00036511506186798215,0.0004814833228010684,1.0,184.0,184.0,38.0,0.001072482205927372,0.000823643000330776,1.0,56.0,56.0,28.0,0.0002762589429039508,0.000149961793795228,1.0,1057.0,1057.0,38.0,0.0001445897069061175,0.00014274570276029408,1.0,8327.4169921875,0.41637084960937504
167,37,7.600188109790906e-05,8.523944416083395e-05,1.0,3498.0,3498.0,38.0,0.00027399169630371034,0.00036381924292072654,1.0,184.0,184.0,38.0,0.002012090291827917,0.0011204428737983108,1.0,56.0,56.0,31.0,0.00023809541016817093,0.0001329758670181036,1.0,1057.0,1057.0,38.0,0.0001428427640348673,0.00014194223331287503,1.0,8326.7880859375,0.416339404296875
168,37,7.947597623569891e-05,7.025652303127572e-05,1.0,3498.0,3498.0,38.0,0.00034617172786965966,0.00034036237047985196,1.0,184.0,184.0,38.0,0.0009848126210272312,0.0012415018863976002,1.0,56.0,56.0,31.0,0.000188170321052894,0.00023962536943145096,1.0,1057.0,1057.0,38.0,0.00012614046863745898,0.00012424361193552613,1.0,8326.1533203125,0.416307666015625
169,37,6.771376502001658e-05,7.281646685441956e-05,1.0,3498.0,3498.0,38.0,0.00033328565768897533,0.00027768747531808913,1.0,184.0,184.0,38.0,0.001190047594718635,0.0014480167301371694,1.0,56.0,56.0,32.0,0.00015819758118595928,0.0001665532763581723,1.0,1057.0,1057.0,38.0,0.00011104844452347606,0.00011095825175289065,1.0,8325.5234375,0.41627617187500005
170,37,6.437928095692769e-05,5.9007339586969465e-05,1.0,3498.0,3498.0,38.0,0.00021124233899172395,0.00020421005319803953,1.0,184.0,184.0,37.0,0.0007361939642578363,0.0008655857527628541,1.0,56.0,56.0,29.0,0.0001719923020573333,0.00014349351113196462,1.0,1057.0,1057.0,38.0,0.00010119952639797702,0.00010158290388062596,1.0,8324.8935546875,0.416244677734375
171,37,6.833647057646886e-05,6.532025872729719e-05,1.0,3498.0,3498.0,38.0,0.00032942183315753937,0.0002908888563979417,1.0,184.0,184.0,38.0,0.000856590922921896,0.001074319938197732,1.0,56.0,56.0,33.0,0.0001886192912934348,0.0001581830292707309,1.0,1057.0,1057.0,38.0,0.0001134019621531479,0.00011407597048673779,1.0,8324.2607421875,0.416213037109375
172,37,7.150843885028735e-05,9.500468149781227e-05,1.0,3498.0,3498.0,38.0,0.0002901652769651264,0.00029281675233505666,1.0,184.0,184.0,38.0,0.0006623681401833892,0.0007845364161767066,1.0,56.0,56.0,29.0,0.0001491355651523918,0.00014429548173211515,1.0,1057.0,1057.0,38.0,0.00010912271682173014,0.00010391154501121491,1.0,8323.62890625,0.4161814453125
173,37,8.178977441275492e-05,6.322329136310145e-05,1.0,3498.0,3498.0,38.0,0.0003471494419500232,0.000257949810475111,1.0,184.0,184.0,38.0,0.0010997909121215343,0.0009666510159149766,1.0,56.0,56.0,26.0,0.00020445446716621518,0.00017401129298377782,1.0,1057.0,1057.0,38.0,0.0001307356433244422,0.00013090152060613036,1.0,8322.998046875,0.41614990234375004
174,37,0.00011561006976990029,7.455488957930356e-05,1.0,3498.0,3498.0,38.0,0.0003648551646620035,0.00028830888913944364,1.0,184.0,184.0,38.0,0.0008375159814022481,0.0008060209802351892,1.0,56.0,56.0,25.0,0.00023592700017616153,0.0002165142068406567,1.0,1057.0,1057.0,38.0,0.00016015004075597972,0.00016012786363717169,1.0,8322.3662109375,0.41611831054687504
175,37,7.835335418349132e-05,6.13945594523102e-05,1.0,3498.0,3498.0,38.0,0.0003419257700443268,0.00031720183324068785,1.0,184.0,184.0,38.0,0.0008388888090848923,0.0006350103649310768,1.0,56.0,56.0,30.0,0.00023054885969031602,0.00020694077829830348,1.0,1057.0,1057.0,38.0,0.00013039540499448776,0.0001308993378188461,1.0,8321.7373046875,0.41608686523437505
176,37,6.492103420896456e-05,7.186768925748765e-05,1.0,3498.0,3498.0,38.0,0.00021870105410926044,0.0007278210250660777,1.0,184.0,184.0,38.0,0.0007591218454763293,0.000594856683164835,1.0,56.0,56.0,29.0,0.0002000492240767926,0.00016496730677317828,1.0,1057.0,1057.0,38.0,0.00010790890519274399,0.0001087169221136719,1.0,8321.1044921875,0.416055224609375
177,37,0.00010289913188898936,6.778414535801858e-05,1.0,3498.0,3498.0,38.0,0.0003799465484917164,0.0003325949073769152,1.0,184.0,184.0,38.0,0.0007070471183396876,0.0007820079918019474,1.0,56.0,56.0,27.0,0.00026067867293022573,0.00031340474379248917,1.0,1057.0,1057.0,38.0,0.00015742644609417766,0.00015536669525317848,1.0,8320.474609375,0.41602373046875
178,37,6.788899918319657e-05,8.913950296118855e-05,1.0,3498.0,3498.0,38.0,0.00029159392579458654,0.0004293831589166075,1.0,184.0,184.0,38.0,0.0012608806136995554,0.001007785671390593,1.0,56.0,56.0,28.0,0.00016420210886280984,0.00013377824507188052,1.0,1057.0,1057.0,38.0,0.00011110861669294536,0.00011163711315020919,1.0,8319.8408203125,0.41599204101562504
179,37,7.617841038154438e-05,7.506539259338751e-05,1.0,3498.0,3498.0,38.0,0.00031835632398724556,0.00032431294675916433,1.0,184.0,184.0,38.0,0.0011514044599607587,0.0007772238459438086,1.0,56.0,56.0,32.0,0.00026623334269970655,0.0002738043840508908,1.0,1057.0,1057.0,38.0,0.0001424762449460104,0.00013992429012432694,1.0,8319.212890625,0.41596064453125003
180,37,6.64693143335171e-05,5.6050972489174455e-05,1.0,3498.0,3498.0,38.0,0.0003836897958535701,0.0002420841046841815,1.0,184.0,184.0,37.0,0.001033456064760685,0.0010088380658999085,1.0,56.0,56.0,26.0,0.00019884874927811325,0.00021803072013426572,1.0,1057.0,1057.0,38.0,0.00011822391388705,0.00011911684123333544,1.0,8318.5810546875,0.415929052734375
181,37,6.266125274123624e-05,6.784334254916757e-05,1.0,3498.0,3498.0,38.0,0.00022056343732401729,0.00024671750725246966,1.0,184.0,184.0,38.0,0.0009761519613675773,0.0007376453140750527,1.0,56.0,56.0,27.0,0.00018723285757005215,0.00016242229321505874,1.0,1057.0,1057.0,38.0,0.00010802306496771052,0.00010684929293347523,1.0,8317.9501953125,0.415897509765625
182,37,6.837103137513623e-05,5.3941279475111514e-05,1.0,3498.0,3498.0,38.0,0.00026020422228612006,0.00019863012130372226,1.0,184.0,184.0,38.0,0.0009796045487746596,0.0006587224779650569,1.0,56.0,56.0,31.0,0.00021053789532743394,0.00013687292812392116,1.0,1057.0,1057.0,38.0,0.00011718593304976821,0.00011771341814892367,1.0,8317.3193359375,0.41586596679687504
183,37,0.00010024752555182204,0.00027123064501211047,1.0,3498.0,3498.0,38.0,0.0005202852189540863,0.0024477955885231495,1.0,184.0,184.0,38.0,0.0012295643100515008,0.0010730522917583585,1.0,56.0,56.0,27.0,0.00015296389756258577,0.00017032516188919544,1.0,1057.0,1057.0,38.0,0.000173854612512514,0.0001411755511071533,1.0,8316.6884765625,0.415834423828125
184,37,7.41168696549721e-05,8.092325879260898e-05,1.0,3498.0,3498.0,38.0,0.00034930650144815445,0.00043718909728340805,1.0,184.0,184.0,37.0,0.0011614757822826505,0.0009183867368847132,1.0,56.0,56.0,33.0,0.0003394507511984557,0.0002939527330454439,1.0,1057.0,1057.0,38.0,0.00016051392594818026,0.00015586554945912212,1.0,8316.0595703125,0.41580297851562503
185,37,8.93374381121248e-05,0.0001511240261606872,1.0,3498.0,3498.0,38.0,0.00035756101715378463,0.00045535675599239767,1.0,184.0,184.0,37.0,0.001001714263111353,0.001104144612327218,1.0,56.0,56.0,30.0,0.00017957740055862814,0.00016483951185364276,1.0,1057.0,1057.0,38.0,0.00013609087909571826,0.0001301778684137389,1.0,8315.4267578125,0.41577133789062504
186,37,6.421363650588319e-05,6.781976117054e-05,1.0,3498.0,3498.0,38.0,0.00033128977520391345,0.00034393262467347085,1.0,184.0,184.0,38.0,0.0007456484599970281,0.0008668256923556328,1.0,56.0,56.0,27.0,0.00016486269305460155,0.0001477619371144101,1.0,1057.0,1057.0,38.0,0.0001046149482135661,0.0001046074612531811,1.0,8314.796875,0.41573984375
187,37,5.619952571578324e-05,6.756225775461644e-05,1.0,3498.0,3498.0,38.0,0.000269307813141495,0.0003551039262674749,1.0,184.0,184.0,38.0,0.0008211484528146684,0.0007475780439563096,1.0,56.0,56.0,27.0,0.00014706749061588198,0.00012121799227315933,1.0,1057.0,1057.0,38.0,9.294625488109887e-05,9.334165952168405e-05,1.0,8314.166015625,0.41570830078125004
188,37,5.9516692999750376e-05,5.750717900809832e-05,1.0,3498.0,3498.0,38.0,0.00022093302686698735,0.00018800458929035813,1.0,184.0,184.0,38.0,0.0007196012302301824,0.0007824728963896632,1.0,56.0,56.0,31.0,0.000347921100910753,0.0008681726758368313,1.0,1057.0,1057.0,38.0,0.00017422871314920485,0.00013699506234843284,1.0,8313.5341796875,0.41567670898437503
189,37,5.8008594351122156e-05,4.706673644250259e-05,1.0,3498.0,3498.0,38.0,0.00024071471125353128,0.00016710709314793348,1.0,184.0,184.0,37.0,0.0009022580925375223,0.0010627484880387783,1.0,56.0,56.0,31.0,0.0001446380774723366,0.0001635155495023355,1.0,1057.0,1057.0,38.0,9.326188592240214e-05,9.397590474691242e-05,1.0,8312.904296875,0.41564521484375
190,37,6.483170000137761e-05,7.99314584583044e-05,1.0,3498.0,3498.0,38.0,0.0002240021131001413,0.0003340299881529063,1.0,184.0,184.0,38.0,0.0008751700515858829,0.0009550112299621105,1.0,56.0,56.0,28.0,0.0001250678178621456,0.00010740563448052853,1.0,1057.0,1057.0,38.0,9.459973807679489e-05,9.368172322865576e-05,1.0,8312.2734375,0.41561367187500003
191,37,9.249393042409793e-05,9.197192412102595e-05,1.0,3498.0,3498.0,38.0,0.0005385832046158612,0.0007083119708113372,1.0,184.0,184.0,38.0,0.0016607418656349182,0.001663356670178473,1.0,56.0,56.0,28.0,0.0002931940252892673,0.00020338862668722868,1.0,1057.0,1057.0,38.0,0.00017047901928890496,0.00017216906417161226,1.0,8311.6455078125,0.41558227539062503
192,37,7.775167614454404e-05,4.226040982757695e-05,1.0,3498.0,3498.0,38.0,0.00028992665465921164,0.00015655077004339546,1.0,184.0,184.0,38.0,0.0009427719633094966,0.0009198907646350563,1.0,56.0,56.0,29.0,0.00019921486091334373,0.00025499131879769266,1.0,1057.0,1057.0,38.0,0.0001217409735545516,0.00012277104542590678,1.0,8311.015625,0.41555078125
193,37,0.00018555326096247882,0.00019740746938623488,1.0,3498.0,3498.0,38.0,0.0006442409357987344,0.000572883291170001,1.0,184.0,184.0,38.0,0.0013030407717451453,0.0013971165753901005,1.0,56.0,56.0,30.0,0.00031108740950003266,0.00012643901573028415,1.0,1057.0,1057.0,38.0,0.0002425894927000627,0.00024387805024161935,1.0,8310.384765625,0.41551923828125004
194,37,6.733064219588414e-05,7.503067172365263e-05,1.0,3498.0,3498.0,38.0,0.00039155184640549123,0.00041046025580726564,1.0,184.0,184.0,37.0,0.0006079230224713683,0.0004084980464540422,1.0,56.0,56.0,31.0,0.00020755777950398624,0.00014249765081331134,1.0,1057.0,1057.0,38.0,0.00011683148477459326,0.00011699695460265502,1.0,8309.7548828125,0.415487744140625
195,37,5.838818833581172e-05,5.007412619306706e-05,1.0,3498.0,3498.0,38.0,0.00024838949320837855,0.00021375308278948069,1.0,184.0,184.0,38.0,0.0010708788176998496,0.0010694602970033884,1.0,56.0,56.0,28.0,0.00018864564481191337,0.0003633493324741721,1.0,1057.0,1057.0,38.0,0.00011669698869809508,0.00010621756518958136,1.0,8309.123046875,0.41545615234375
196,37,9.853224764810875e-05,9.058176510734484e-05,1.0,3498.0,3498.0,38.0,0.00023032727767713368,0.0002781436196528375,1.0,184.0,184.0,36.0,0.0006667979760095477,0.0007800674065947533,1.0,56.0,56.0,30.0,0.00016414537094533443,0.00011951920168939978,1.0,1057.0,1057.0,38.0,0.0001240703568328172,0.00012468996283132583,1.0,8308.4951171875,0.415424755859375
197,37,4.726641782326624e-05,5.02096809213981e-05,1.0,3498.0,3498.0,38.0,0.00019285533926449716,0.00028008391382172704,1.0,184.0,184.0,38.0,0.0007984883850440383,0.0006215717294253409,1.0,56.0,56.0,30.0,0.0001421133492840454,6.618120096391067e-05,1.0,1057.0,1057.0,38.0,8.214817353291437e-05,8.253440319094807e-05,1.0,8307.865234375,0.41539326171875
198,37,6.0742149798898026e-05,4.7519053623545915e-05,1.0,3498.0,3498.0,38.0,0.0003297567891422659,0.00016050858539529145,1.0,184.0,184.0,37.0,0.0011634445982053876,0.0012714380864053965,1.0,56.0,56.0,28.0,0.0001887902762973681,0.00021667309920303524,1.0,1057.0,1057.0,38.0,0.0001113485632231459,0.00011217007704544812,1.0,8307.2333984375,0.415361669921875
199,37,5.452583354781382e-05,5.852667527506128e-05,1.0,3498.0,3498.0,38.0,0.00018448232731316239,0.000281121174339205,1.0,184.0,184.0,37.0,0.0006132445414550602,0.0006315043428912759,1.0,56.0,56.0,30.0,0.00019255242659710348,0.00019170434097759426,1.0,1057.0,1057.0,38.0,9.610284905647859e-05,9.646418038755655e-05,1.0,8306.6025390625,0.41533012695312505
200,37,5.624710684060119e-05,6.67255517328158e-05,1.0,3498.0,3498.0,38.0,0.00021685789397452027,0.00020382138609420508,1.0,184.0,184.0,37.0,0.0008073459612205625,0.0005993173690512776,1.0,56.0,56.0,30.0,0.00020557640527840704,0.0001275997783523053,1.0,1057.0,1057.0,38.0,0.0001046432662406005,0.00010410007962491363,1.0,8305.9716796875,0.415298583984375
201,37,5.644339762511663e-05,6.831991777289659e-05,1.0,3498.0,3498.0,38.0,0.0002636366989463568,0.00026493609766475856,1.0,184.0,184.0,38.0,0.000721768825314939,0.0007093991152942181,1.0,56.0,56.0,28.0,0.00018526017083786428,0.00015129456005524844,1.0,1057.0,1057.0,38.0,0.00010231917258352041,0.00010056042083306238,1.0,8305.341796875,0.41526708984375
202,37,4.9771926569519565e-05,4.100972000742331e-05,1.0,3498.0,3498.0,38.0,0.0002091302740154788,0.00018045137403532863,1.0,184.0,184.0,37.0,0.0011594921816140413,0.00100628100335598,1.0,56.0,56.0,29.0,0.0001999588421313092,0.0002454282366670668,1.0,1057.0,1057.0,38.0,0.00010155208292417228,0.00010195416689384729,1.0,8304.712890625,0.41523564453125
203,37,7.532825111411512e-05,6.47074484732002e-05,1.0,3498.0,3498.0,38.0,0.0002769164275377989,0.0002418318035779521,1.0,184.0,184.0,38.0,0.0011108951875939965,0.0007268625777214766,1.0,56.0,56.0,28.0,0.00022843299666419625,0.0001556123315822333,1.0,1057.0,1057.0,38.0,0.00012857785623054951,0.00012890815560240299,1.0,8304.083984375,0.41520419921875
204,37,6.604903319384903e-05,4.4618314859690145e-05,1.0,3498.0,3498.0,38.0,0.0003053446998819709,0.00020535643852781504,1.0,184.0,184.0,38.0,0.0008760213386267424,0.000880005129147321,1.0,56.0,56.0,29.0,0.00021005944290664047,0.00023259046429302543,1.0,1057.0,1057.0,38.0,0.00011887292203027755,0.00011643648758763447,1.0,8303.4521484375,0.415172607421875
205,37,5.90251584071666e-05,3.823509541689418e-05,1.0,3498.0,3498.0,38.0,0.0002482981653884053,0.00016731274081394076,1.0,184.0,184.0,38.0,0.0006920318701304495,0.0010380405001342297,1.0,56.0,56.0,26.0,0.000180372255272232,0.0001939726498676464,1.0,1057.0,1057.0,38.0,0.00010006710363086313,0.00010043047950603068,1.0,8302.822265625,0.41514111328125003
206,37,5.566649997490458e-05,6.755288632120937e-05,1.0,3498.0,3498.0,38.0,0.00021961118909530342,0.0002834020124282688,1.0,184.0,184.0,38.0,0.001168300281278789,0.001222269027493894,1.0,56.0,56.0,31.0,0.0001838989119278267,0.00024121906608343124,1.0,1057.0,1057.0,38.0,0.00010561229282757267,0.00010321915033273399,1.0,8302.19140625,0.4151095703125
207,37,6.591673445655033e-05,4.862774585490115e-05,1.0,3498.0,3498.0,38.0,0.0004195654473733157,0.00015700867515988648,1.0,184.0,184.0,38.0,0.0008826386765576899,0.0007014313596300781,1.0,56.0,56.0,29.0,0.00028311568894423544,0.0001731180091155693,1.0,1057.0,1057.0,38.0,0.00013635984214488417,0.000136904651299119,1.0,8301.564453125,0.41507822265625
208,37,5.666126526193693e-05,6.122069316916168e-05,1.0,3498.0,3498.0,38.0,0.00020988269534427673,0.00022951084247324616,1.0,184.0,184.0,38.0,0.0011181463487446308,0.0005801577353850007,1.0,56.0,56.0,31.0,0.0001258315023733303,9.689172293292359e-05,1.0,1057.0,1057.0,38.0,9.044902981258929e-05,9.018553100759163e-05,1.0,8300.9326171875,0.41504663085937504
209,37,5.55195874767378e-05,5.049860919825733e-05,1.0,3498.0,3498.0,38.0,0.00023250348749570549,0.00027646051603369415,1.0,184.0,184.0,38.0,0.0009274408221244812,0.0009971408871933818,1.0,56.0,56.0,30.0,0.0001740999723551795,0.00015635255840606987,1.0,1057.0,1057.0,38.0,9.97017341433093e-05,9.863368177320808e-05,1.0,8300.3056640625,0.41501528320312503
210,37,5.65833761356771e-05,4.4423948565963656e-05,1.0,3498.0,3498.0,38.0,0.00023377075558528304,0.00020986597519367933,1.0,184.0,184.0,38.0,0.0006212765583768487,0.0008450459572486579,1.0,56.0,56.0,29.0,0.00011374383757356554,0.00010717121040215716,1.0,1057.0,1057.0,38.0,8.21291032480076e-05,8.257793524535373e-05,1.0,8299.673828125,0.41498369140625
211,37,5.054664143244736e-05,5.453200719784945e-05,1.0,3498.0,3498.0,38.0,0.00020936720829922706,0.0002672938571777195,1.0,184.0,184.0,38.0,0.0007259469130076468,0.0004788535588886589,1.0,56.0,56.0,30.0,0.000154438559547998,0.00010369197116233408,1.0,1057.0,1057.0,38.0,8.698330930201337e-05,8.743071521166712e-05,1.0,8299.044921875,0.41495224609375003
212,37,6.919919542269781e-05,5.447100556921214e-05,1.0,3498.0,3498.0,38.0,0.00033328606514260173,0.0002847237919922918,1.0,184.0,184.0,36.0,0.0008725005900487304,0.000736494199372828,1.0,56.0,56.0,32.0,0.00026177606196142733,0.00024302922247443348,1.0,1057.0,1057.0,38.0,0.00013014563592150807,0.00013116595800966024,1.0,8298.4150390625,0.414920751953125
213,37,4.630819603335112e-05,4.5934462832519785e-05,1.0,3498.0,3498.0,38.0,0.00018991170509252697,0.00022136815823614597,1.0,184.0,184.0,38.0,0.0005285938386805356,0.00043218693463131785,1.0,56.0,56.0,29.0,9.277451317757368e-05,0.00010991959425155073,1.0,1057.0,1057.0,38.0,6.859520362922922e-05,6.769421452190727e-05,1.0,8297.7861328125,0.414889306640625
214,37,7.26857251720503e-05,0.0001917306799441576,1.0,3498.0,3498.0,38.0,0.00036747666308656335,0.0016553089953958988,1.0,184.0,184.0,38.0,0.0005861754179932177,0.00092388188932091,1.0,56.0,56.0,28.0,0.00019431105465628207,0.0002695040893740952,1.0,1057.0,1057.0,38.0,0.00013871183909941465,0.00011680562602123246,1.0,8297.1552734375,0.41485776367187505
215,37,6.305221177171916e-05,5.203453474678099e-05,1.0,3498.0,3498.0,38.0,0.00022767935297451913,0.00019114821043331176,1.0,184.0,184.0,37.0,0.000986000755801797,0.0012870102655142546,1.0,56.0,56.0,28.0,0.00013175907952245325,0.00012110289389966056,1.0,1057.0,1057.0,38.0,9.520688035991043e-05,9.529406088404357e-05,1.0,8296.5244140625,0.414826220703125
216,37,6.489564111689106e-05,6.392342766048387e-05,1.0,3498.0,3498.0,38.0,0.00029127279412932694,0.0003707243304233998,1.0,184.0,184.0,38.0,0.0014161869185045362,0.0016168943839147687,1.0,56.0,56.0,29.0,0.0001885373203549534,0.0002173125249100849,1.0,1057.0,1057.0,38.0,0.00011649748921627179,0.00011661931057460606,1.0,8295.8974609375,0.414794873046875
217,37,4.6389988710870966e-05,5.550726200453937e-05,1.0,3498.0,3498.0,38.0,0.00017909836606122553,0.00020081478578504175,1.0,184.0,184.0,37.0,0.0005642753094434738,0.0006911235977895558,1.0,56.0,56.0,27.0,0.0001259275304619223,0.00012466066982597113,1.0,1057.0,1057.0,38.0,7.625392026966438e-05,7.506383553845808e-05,1.0,8295.267578125,0.41476337890625004
218,37,5.386005068430677e-05,5.2834882808383554e-05,1.0,3498.0,3498.0,38.0,0.00033463456202298403,0.00022258090029936284,1.0,184.0,184.0,37.0,0.0007116912747733295,0.0005145091563463211,1.0,56.0,56.0,29.0,0.0001553306938149035,0.00012726607383228838,1.0,1057.0,1057.0,38.0,9.530618990538642e-05,9.468497592024505e-05,1.0,8294.638671875,0.41473193359375005
219,37,4.983885810361244e-05,4.943726526107639e-05,1.0,3498.0,3498.0,38.0,0.00015512866957578808,0.00019773104577325284,1.0,184.0,184.0,37.0,0.0006330757751129568,0.00032634317176416516,1.0,56.0,56.0,33.0,0.00012239722127560526,7.946714322315529e-05,1.0,1057.0,1057.0,38.0,7.625704165548086e-05,7.668531907256693e-05,1.0,8294.0087890625,0.414700439453125
220,37,6.701141683151945e-05,7.319406722672284e-05,1.0,3498.0,3498.0,38.0,0.00024275152827613056,0.00020380897331051528,1.0,184.0,184.0,37.0,0.0012045054463669658,0.0012475744588300586,1.0,56.0,56.0,32.0,0.00016673888603691012,0.00017768096586223692,1.0,1057.0,1057.0,38.0,0.00011025960702681914,0.00010902346548391506,1.0,8293.37890625,0.41466894531250004
221,37,4.48446226073429e-05,3.935223867301829e-05,1.0,3498.0,3498.0,38.0,0.00019578413048293442,0.0002101376448990777,1.0,184.0,184.0,37.0,0.0008447214495390654,0.0016132653690874577,1.0,56.0,56.0,33.0,0.00020396040054038167,0.0003111407859250903,1.0,1057.0,1057.0,38.0,0.00010813098924700171,9.505345951765776e-05,1.0,8292.7490234375,0.414637451171875
222,37,5.632035754388198e-05,6.509178638225421e-05,1.0,3498.0,3498.0,38.0,0.00024803876294754446,0.0002622721076477319,1.0,184.0,184.0,36.0,0.0011317827738821507,0.0008368814596906304,1.0,56.0,56.0,29.0,0.00018698506755754352,0.00013165728887543082,1.0,1057.0,1057.0,38.0,0.00010454224684508517,0.00010504083184059709,1.0,8292.12109375,0.4146060546875
223,37,5.149526259629056e-05,4.6698813093826175e-05,1.0,3498.0,3498.0,38.0,0.00022505581728182733,0.00021213472064118832,1.0,184.0,184.0,38.0,0.000580314954277128,0.0007510013529099524,1.0,56.0,56.0,28.0,0.00010692493378883228,9.311357280239463e-05,1.0,1057.0,1057.0,38.0,7.612763874931261e-05,7.655016088392586e-05,1.0,8291.494140625,0.41457470703125004
224,37,6.57936034258455e-05,6.580579065484926e-05,1.0,3498.0,3498.0,38.0,0.00029275217093527317,0.00029478257056325674,1.0,184.0,184.0,38.0,0.0007815714925527573,0.001705674221739173,1.0,56.0,56.0,28.0,0.0001426691305823624,0.00012808444444090128,1.0,1057.0,1057.0,38.0,0.00010041474888566881,9.98084869934246e-05,1.0,8290.8623046875,0.41454311523437504
225,37,5.3983720135875046e-05,3.840533099719323e-05,1.0,3498.0,3498.0,38.0,0.00023352698190137744,0.00018064264440909028,1.0,184.0,184.0,38.0,0.0005567834014073014,0.0006284412811510265,1.0,56.0,56.0,31.0,8.657561556901783e-05,9.126193617703393e-05,1.0,1057.0,1057.0,38.0,7.345489575527608e-05,7.392999395960942e-05,1.0,8290.234375,0.41451171875000004
226,37,8.188486390281469e-05,0.00032569238101132214,1.0,3498.0,3498.0,38.0,0.0016508531989529729,0.006914404686540365,1.0,184.0,184.0,37.0,0.0005621338495984674,0.00047460643691010773,1.0,56.0,56.0,31.0,0.000109213448013179,8.255957800429314e-05,1.0,1057.0,1057.0,38.0,0.00025117688346654177,0.000153724366100505,1.0,8289.6064453125,0.41448032226562503
227,37,6.298542575677857e-05,0.00013871311966795474,1.0,3498.0,3498.0,38.0,0.0001909732527565211,0.00026854861062020063,1.0,184.0,184.0,38.0,0.00099386484362185,0.000869680312462151,1.0,56.0,56.0,28.0,0.0001957817585207522,0.00020884514378849417,1.0,1057.0,1057.0,38.0,0.00011811823060270399,0.0001080416768672876,1.0,8288.9765625,0.414448828125
228,37,4.626201916835271e-05,4.5387845602817833e-05,1.0,3498.0,3498.0,38.0,0.00020518488599918783,0.00015723971591796726,1.0,184.0,184.0,37.0,0.0007576908683404326,0.000429189094575122,1.0,56.0,56.0,27.0,0.00017254722479265183,0.0001388839300489053,1.0,1057.0,1057.0,38.0,8.785677346168086e-05,8.850712765706703e-05,1.0,8288.34765625,0.4144173828125
229,37,4.892067227046937e-05,3.321419353596866e-05,1.0,3498.0,3498.0,38.0,0.00018499232828617096,0.00011375475150998682,1.0,184.0,184.0,38.0,0.0008623847388662398,0.0009439461282454431,1.0,56.0,56.0,28.0,0.00022823024482931942,0.00043279462261125445,1.0,1057.0,1057.0,38.0,0.00011221862951060757,0.00010316913540009409,1.0,8287.7216796875,0.41438608398437504
230,37,4.3184158130316064e-05,4.445812010089867e-05,1.0,3498.0,3498.0,38.0,0.0001251139910891652,0.0001492635637987405,1.0,184.0,184.0,38.0,0.00056167395086959,0.0007546735578216612,1.0,56.0,56.0,27.0,0.000134882444399409,9.757861698744819e-05,1.0,1057.0,1057.0,38.0,7.220558472909033e-05,7.259721314767376e-05,1.0,8287.091796875,0.41435458984375
231,37,4.329059083829634e-05,3.8824702642159536e-05,1.0,3498.0,3498.0,38.0,0.00015598813479300588,0.00017473817570134997,1.0,184.0,184.0,38.0,0.0004928046255372465,0.0005170309450477362,1.0,56.0,56.0,30.0,0.00013404025230556726,0.00016078409680631012,1.0,1057.0,1057.0,38.0,7.40002142265439e-05,7.28696322767064e-05,1.0,8286.458984375,0.41432294921875
232,37,4.581323082675226e-05,4.703520244220272e-05,1.0,3498.0,3498.0,38.0,0.0001816031726775691,0.00023017275088932365,1.0,184.0,184.0,38.0,0.0006663458188995719,0.0007500792271457613,1.0,56.0,56.0,30.0,0.00013512696023099124,0.0001387951779179275,1.0,1057.0,1057.0,38.0,8.044349669944495e-05,7.795917917974293e-05,1.0,8285.833984375,0.41429169921875003
233,37,4.279434142517857e-05,4.00516546505969e-05,1.0,3498.0,3498.0,38.0,0.00014438196376431733,0.00014671032840851694,1.0,184.0,184.0,38.0,0.0006765621365047991,0.0008032345212996006,1.0,56.0,56.0,27.0,0.000150020990986377,0.00011188969074282795,1.0,1057.0,1057.0,38.0,7.709985948167741e-05,7.77310851844959e-05,1.0,8285.205078125,0.41426025390625004
234,37,4.998051736038178e-05,4.44382312707603e-05,1.0,3498.0,3498.0,38.0,0.00014177478442434222,0.00013748301716987044,1.0,184.0,184.0,38.0,0.0008122444269247353,0.0011549536138772964,1.0,56.0,56.0,29.0,0.0001282960583921522,0.00016277257236652076,1.0,1057.0,1057.0,38.0,7.916075264802203e-05,7.966903649503365e-05,1.0,8284.576171875,0.41422880859375
235,37,5.979447814752348e-05,4.9418646085541695e-05,1.0,3498.0,3498.0,38.0,0.0004789041995536536,0.0005066548474133015,1.0,184.0,184.0,38.0,0.0006379529368132353,0.0007445880910381675,1.0,56.0,56.0,32.0,0.00014090497279539704,0.00010061082139145583,1.0,1057.0,1057.0,38.0,9.988265810534358e-05,0.00010050914715975523,1.0,8283.9462890625,0.414197314453125
236,37,3.9813065086491406e-05,3.197831392753869e-05,1.0,3498.0,3498.0,38.0,0.0001531796297058463,0.00011383206583559513,1.0,184.0,184.0,38.0,0.0005127916811034083,0.0005764191737398505,1.0,56.0,56.0,32.0,9.774279897101223e-05,0.00012505118502303958,1.0,1057.0,1057.0,38.0,6.37260964140296e-05,6.24570602667518e-05,1.0,8283.318359375,0.41416591796875
237,37,4.6983655920485035e-05,4.65116863779258e-05,1.0,3498.0,3498.0,38.0,0.0001843377685872838,0.00019614545453805476,1.0,184.0,184.0,38.0,0.0006068070069886744,0.00047585403081029654,1.0,56.0,56.0,30.0,0.00013413977285381407,9.812137432163581e-05,1.0,1057.0,1057.0,38.0,7.73102801758796e-05,7.800498860888183e-05,1.0,8282.6904296875,0.414134521484375
238,37,5.2829229389317334e-05,7.312446541618556e-05,1.0,3498.0,3498.0,38.0,0.00026036056806333363,0.00034411053638905287,1.0,184.0,184.0,38.0,0.0010462309001013637,0.0005439157248474658,1.0,56.0,56.0,29.0,0.0001485496322857216,0.00010318566637579352,1.0,1057.0,1057.0,38.0,9.731775935506448e-05,9.349507308797911e-05,1.0,8282.0615234375,0.41410307617187503
239,37,4.4391614210326225e-05,5.4314798035193235e-05,1.0,3498.0,3498.0,38.0,0.0001360074820695445,0.00018425373127683997,1.0,184.0,184.0,38.0,0.0009503350011073053,0.0004956856719218194,1.0,56.0,56.0,27.0,0.00013688966282643378,0.00010306473996024579,1.0,1057.0,1057.0,38.0,7.85257579991594e-05,7.887765968916938e-05,1.0,8281.4326171875,0.41407163085937504
240,37,4.489003913477063e-05,3.5501838283380494e-05,1.0,3498.0,3498.0,38.0,0.00016342011804226786,0.00012465848703868687,1.0,184.0,184.0,37.0,0.000807314645498991,0.0006133870920166373,1.0,56.0,56.0,30.0,0.0001331751118414104,0.00013389518426265568,1.0,1057.0,1057.0,38.0,7.748927600914612e-05,7.780404121149331e-05,1.0,8280.8056640625,0.414040283203125
241,37,4.9280159146292135e-05,4.417762829689309e-05,1.0,3498.0,3498.0,38.0,0.00017433693574275821,0.00011120786803076044,1.0,184.0,184.0,38.0,0.0005683604395017028,0.0004909979179501534,1.0,56.0,56.0,32.0,0.00014448123693000525,0.00011200779408682138,1.0,1057.0,1057.0,38.0,8.159378194250166e-05,8.11271820566617e-05,1.0,8280.1767578125,0.41400883789062504
242,37,3.970649777329527e-05,4.4230971980141476e-05,1.0,3498.0,3498.0,38.0,0.00014608693891204894,0.00019010418327525258,1.0,184.0,184.0,38.0,0.000425930367782712,0.00041231318027712405,1.0,56.0,56.0,28.0,0.00011133852240163833,6.918809231137857e-05,1.0,1057.0,1057.0,38.0,6.387229223037139e-05,6.408972694771364e-05,1.0,8279.5458984375,0.413977294921875
243,37,7.819590246072039e-05,0.00020502792904153466,1.0,3498.0,3498.0,38.0,0.0002791185397654772,0.0020098567474633455,1.0,184.0,184.0,37.0,0.001437296625226736,0.0009716904605738819,1.0,56.0,56.0,28.0,0.0003412413934711367,0.00022491402341984212,1.0,1057.0,1057.0,38.0,0.0001817501470213756,0.00015976387658156455,1.0,8278.9189453125,0.413945947265625
244,37,4.2933512304443866e-05,7.32725893612951e-05,1.0,3498.0,3498.0,38.0,0.00020919251255691051,0.0005928705795668066,1.0,184.0,184.0,38.0,0.0005084126605652273,0.000572986260522157,1.0,56.0,56.0,28.0,0.00013276448589749634,0.0001347207580693066,1.0,1057.0,1057.0,38.0,8.105417509796098e-05,7.455182640114799e-05,1.0,8278.2919921875,0.41391459960937504
245,37,4.8601796152070165e-05,4.0383725718129426e-05,1.0,3498.0,3498.0,38.0,0.00021163886412978172,0.00016062076610978693,1.0,184.0,184.0,38.0,0.0005796650075353682,0.0004923093365505338,1.0,56.0,56.0,30.0,0.00016514329763595015,0.00012733756739180535,1.0,1057.0,1057.0,38.0,8.616773993708193e-05,8.67504277266562e-05,1.0,8277.6650390625,0.41388325195312503
246,37,5.615991176455282e-05,3.640958311734721e-05,1.0,3498.0,3498.0,38.0,0.0002052957861451432,0.00014381554501596838,1.0,184.0,184.0,38.0,0.0014716973528265953,0.0010812695836648345,1.0,56.0,56.0,27.0,0.0001550767628941685,0.00015229202108457685,1.0,1057.0,1057.0,38.0,9.928744111675769e-05,0.00010021960770245641,1.0,8277.03515625,0.4138517578125
247,37,4.1758554289117455e-05,5.1430208259262145e-05,1.0,3498.0,3498.0,38.0,0.00016801280435174704,0.00023366193636320531,1.0,184.0,184.0,38.0,0.0007773014949634671,0.0013098770286887884,1.0,56.0,56.0,30.0,0.00012899725697934628,0.0001813817652873695,1.0,1057.0,1057.0,38.0,7.62973286327906e-05,7.442434434778988e-05,1.0,8276.40625,0.4138203125
248,37,3.886253762175329e-05,5.168195639271289e-05,1.0,3498.0,3498.0,38.0,0.000146546502946876,0.0002802552771754563,1.0,184.0,184.0,38.0,0.0007042365032248199,0.00043932217522524297,1.0,56.0,56.0,32.0,0.00015370255277957767,6.819151167292148e-05,1.0,1057.0,1057.0,38.0,7.616920629516244e-05,7.608061423525214e-05,1.0,8275.7802734375,0.41378901367187504
249,37,5.935194712947123e-05,4.394156712805852e-05,1.0,3498.0,3498.0,38.0,0.0002549930359236896,0.0002163565659429878,1.0,184.0,184.0,38.0,0.0004829842073377222,0.00048772283480502665,1.0,56.0,56.0,28.0,0.00016077984764706343,0.00013837720325682312,1.0,1057.0,1057.0,38.0,9.344149293610826e-05,9.416542889084667e-05,1.0,8275.15234375,0.41375761718750004
250,37,5.2956307627027854e-05,4.036079553770833e-05,1.0,3498.0,3498.0,38.0,0.0002839399967342615,0.0001944963587448001,1.0,184.0,184.0,38.0,0.000587505055591464,0.00041816881275735795,1.0,56.0,56.0,31.0,0.00016025362128857523,0.00013788662909064442,1.0,1057.0,1057.0,38.0,9.183370275422931e-05,9.171522106043994e-05,1.0,8274.5234375,0.413726171875
251,37,3.9929425838636234e-05,3.826395550277084e-05,1.0,3498.0,3498.0,38.0,0.00016090631834231317,0.00015350148896686733,1.0,184.0,184.0,38.0,0.0005220301682129502,0.000496450811624527,1.0,56.0,56.0,31.0,8.70906442287378e-05,0.00010017638851422817,1.0,1057.0,1057.0,38.0,6.182546349009499e-05,6.059820589143783e-05,1.0,8273.8984375,0.413694921875
252,37,9.287412103731185e-05,0.00042348011629655957,1.0,3498.0,3498.0,38.0,0.002520608250051737,0.04404022917151451,1.0,184.0,184.0,38.0,0.0006079968297854066,0.00045031338231638074,1.0,56.0,56.0,28.0,0.00013438377936836332,9.835078526521102e-05,1.0,1057.0,1057.0,38.0,0.00035068654688075185,0.0002012006298173219,1.0,8273.267578125,0.41366337890625005
253,37,3.853668022202328e-05,4.518488276517019e-05,1.0,3498.0,3498.0,38.0,0.0001145251517300494,0.0008954480290412903,1.0,184.0,184.0,38.0,0.0013113790191709995,0.0009018293931148946,1.0,56.0,56.0,29.0,0.00019952139700762928,0.00012944797344971448,1.0,1057.0,1057.0,38.0,9.108670201385394e-05,9.180506458505988e-05,1.0,8272.6416015625,0.413632080078125
254,37,4.7051991714397445e-05,4.813541454495862e-05,1.0,3498.0,3498.0,38.0,0.0001360283058602363,0.0001448901602998376,1.0,184.0,184.0,37.0,0.001208728295750916,0.0008738633478060365,1.0,56.0,56.0,28.0,0.0005602084565907717,0.0003226335975341499,1.0,1057.0,1057.0,38.0,0.00017689281958155334,0.00017715248395688832,1.0,8272.015625,0.41360078125
255,37,4.8927755415206775e-05,7.597217336297035e-05,1.0,3498.0,3498.0,38.0,0.00012201871140860021,0.00033878159592859447,1.0,184.0,184.0,38.0,0.0006499357987195253,0.0004486346442718059,1.0,56.0,56.0,32.0,0.00019261981651652604,0.00011543732398422435,1.0,1057.0,1057.0,38.0,9.203387890011072e-05,9.042675083037466e-05,1.0,8271.3876953125,0.413569384765625
256,37,4.497509871725924e-05,4.972627357346937e-05,1.0,3498.0,3498.0,38.0,0.00016475282609462738,0.0001758231082931161,1.0,184.0,184.0,38.0,0.0014152050716802478,0.0033089222852140665,1.0,56.0,56.0,27.0,0.00037291005719453096,0.000972567533608526,1.0,1057.0,1057.0,38.0,0.00018041429575532675,0.00013786336057819426,1.0,8270.759765625,0.41353798828125005
257,37,4.9508947995491326e-05,4.728807834908366e-05,1.0,3498.0,3498.0,38.0,0.00020594788657035679,0.00019493848958518356,1.0,184.0,184.0,38.0,0.0007126532727852464,0.0006828687037341297,1.0,56.0,56.0,31.0,0.0001626706653041765,0.0001120424858527258,1.0,1057.0,1057.0,38.0,8.746509411139414e-05,8.820191578706726e-05,1.0,8270.1318359375,0.41350659179687504
258,37,3.623066368163563e-05,3.121484405710362e-05,1.0,3498.0,3498.0,38.0,0.00011182454909430817,8.55938415043056e-05,1.0,184.0,184.0,38.0,0.0006438483251258731,0.000847439921926707,1.0,56.0,56.0,24.0,0.00010860249312827364,9.687913552625105e-05,1.0,1057.0,1057.0,38.0,6.23066516709514e-05,6.218121416168287e-05,1.0,8269.5029296875,0.413475146484375
259,37,4.7991245082812384e-05,4.6812219807179645e-05,1.0,3498.0,3498.0,38.0,0.00016712245997041464,0.00021605599613394588,1.0,184.0,184.0,38.0,0.0007469059783034027,0.0008799220668151975,1.0,56.0,56.0,28.0,0.00016054660954978317,0.00022215108037926257,1.0,1057.0,1057.0,38.0,8.859766967361793e-05,8.553668158128858e-05,1.0,8268.8759765625,0.41344379882812504
